Alcaldia,Sexo,Grupos de edad,Poblacion,Sin Escolaridad,Preescolar,Primaria,Secundaria,Estudios técnicos con primaria,Estudios técnicos con secundaria,Prepa,Normal Basica,Estudios técnicos con prepa,Licenciatura,Posgrado,No especificado,alcaldia_id
Álvaro Obregón,Hombres,03-05 años,13328.0,4941,8229,0,0,0,0,0,0,0,0,0,158,010
Álvaro Obregón,Hombres,06-09 años,19055.0,217,5355,13317,0,0,0,0,0,0,0,0,166,010
Álvaro Obregón,Hombres,10-14 años,25731.0,131,548,15903,8973,6,0,0,0,0,0,0,170,010
Álvaro Obregón,Hombres,15-19 años,27601.0,114,28,1093,10923,54,185,13690,0,157,1217,0,140,010
Álvaro Obregón,Hombres,20-24 años,29868.0,145,20,1039,6223,53,196,10960,0,489,10440,163,140,010
Álvaro Obregón,Hombres,25-29 años,29549.0,189,15,1441,6522,42,223,8315,0,481,11165,1052,104,010
Álvaro Obregón,Hombres,30-34 años,28598.0,244,34,1650,6635,43,306,7559,0,527,9698,1825,77,010
Álvaro Obregón,Hombres,35-39 años,27331.0,284,31,1999,7004,50,317,6892,0,548,8133,1967,106,010
Álvaro Obregón,Hombres,40-44 años,25942.0,246,38,2396,7242,59,374,6152,0,517,6824,1993,101,010
Álvaro Obregón,Hombres,45-49 años,26046.0,291,26,2609,7669,58,402,5910,5,548,6447,2019,62,010
Álvaro Obregón,Hombres,50-54 años,24129.0,303,31,3060,6715,58,392,5346,18,467,5813,1854,72,010
Álvaro Obregón,Hombres,55-59 años,20062.0,337,45,3300,5128,41,287,3761,21,336,5290,1468,48,010
Álvaro Obregón,Hombres,60-64 años,17223.0,368,51,4112,3582,49,212,2769,20,215,4525,1279,41,010
Álvaro Obregón,Hombres,65-69 años,13187.0,378,45,3803,2533,68,181,1599,13,177,3292,1085,13,010
Álvaro Obregón,Hombres,70-74 años,9514.0,464,56,3306,1496,64,140,868,23,126,2244,714,13,010
Álvaro Obregón,Hombres,75-79 años,5966.0,400,59,2418,790,32,63,411,7,75,1297,400,14,010
Álvaro Obregón,Hombres,80-84 años,3808.0,387,28,1652,423,18,34,225,3,36,749,245,8,010
Álvaro Obregón,Hombres,85 años y más,3019.0,394,37,1418,292,15,34,149,2,31,499,144,4,010
Álvaro Obregón,Mujeres,03-05 años,12978.0,4636,8186,0,0,0,0,0,0,0,0,0,156,010
Álvaro Obregón,Mujeres,06-09 años,18610.0,213,5057,13152,0,0,0,0,0,0,0,0,188,010
Álvaro Obregón,Mujeres,10-14 años,25137.0,99,611,15382,8895,2,0,0,0,0,0,0,148,010
Álvaro Obregón,Mujeres,15-19 años,27247.0,104,27,830,9887,38,229,14180,0,213,1595,0,144,010
Álvaro Obregón,Mujeres,20-24 años,30073.0,119,10,1005,5677,64,306,10635,0,599,11285,214,159,010
Álvaro Obregón,Mujeres,25-29 años,31159.0,183,12,1240,6453,69,372,8623,0,659,12165,1274,109,010
Álvaro Obregón,Mujeres,30-34 años,30888.0,214,19,1677,6723,63,540,7732,0,801,10933,2090,96,010
Álvaro Obregón,Mujeres,35-39 años,29841.0,253,37,2338,7283,103,749,6888,0,898,9143,2034,115,010
Álvaro Obregón,Mujeres,40-44 años,29202.0,323,37,2971,7534,104,1023,6133,0,983,8086,1917,91,010
Álvaro Obregón,Mujeres,45-49 años,29927.0,329,46,3521,8065,135,1513,5759,14,1294,7362,1798,91,010
Álvaro Obregón,Mujeres,50-54 años,28592.0,487,57,4647,7357,182,1806,4763,62,1288,6451,1431,61,010
Álvaro Obregón,Mujeres,55-59 años,23888.0,581,76,5368,5394,226,1507,3372,57,899,5202,1169,37,010
Álvaro Obregón,Mujeres,60-64 años,21283.0,832,124,6551,3828,351,1488,2344,70,801,3962,898,34,010
Álvaro Obregón,Mujeres,65-69 años,16316.0,1011,104,6109,2340,380,1198,1311,78,573,2535,656,21,010
Álvaro Obregón,Mujeres,70-74 años,12283.0,1107,95,5070,1440,389,797,884,53,413,1602,418,15,010
Álvaro Obregón,Mujeres,75-79 años,8216.0,998,110,3598,763,277,493,476,32,260,951,233,25,010
Álvaro Obregón,Mujeres,80-84 años,5849.0,893,63,2670,507,173,316,344,20,163,577,120,3,010
Álvaro Obregón,Mujeres,85 años y más,5655.0,1217,65,2478,435,126,245,350,29,153,455,96,6,010
Azcapotzalco,Hombres,03-05 años,7237.0,2349,4793,0,0,0,0,0,0,0,0,0,95,002
Azcapotzalco,Hombres,06-09 años,9425.0,76,2494,6783,0,0,0,0,0,0,0,0,72,002
Azcapotzalco,Hombres,10-14 años,13219.0,34,196,8121,4791,6,0,0,0,0,0,0,71,002
Azcapotzalco,Hombres,15-19 años,14272.0,32,4,293,4965,10,33,7962,0,66,858,0,49,002
Azcapotzalco,Hombres,20-24 años,15895.0,41,2,253,2221,28,60,6065,0,196,6860,134,35,002
Azcapotzalco,Hombres,25-29 años,16899.0,41,8,315,2368,22,56,4703,0,227,8382,749,28,002
Azcapotzalco,Hombres,30-34 años,17047.0,50,7,469,2409,23,76,4412,0,268,8111,1207,15,002
Azcapotzalco,Hombres,35-39 años,15868.0,70,8,525,2593,19,108,4238,0,291,6716,1280,20,002
Azcapotzalco,Hombres,40-44 años,14624.0,60,7,687,2929,20,140,3883,0,346,5466,1071,15,002
Azcapotzalco,Hombres,45-49 años,14810.0,69,10,869,3426,29,203,4031,3,383,4838,927,22,002
Azcapotzalco,Hombres,50-54 años,14313.0,101,12,1222,3400,40,244,3795,17,333,4388,749,12,002
Azcapotzalco,Hombres,55-59 años,11992.0,105,5,1351,2841,42,196,2958,18,261,3574,637,4,002
Azcapotzalco,Hombres,60-64 años,10497.0,92,13,1861,2277,37,154,2224,10,181,3081,565,2,002
Azcapotzalco,Hombres,65-69 años,7906.0,117,8,1907,1700,50,150,1320,14,147,2139,351,3,002
Azcapotzalco,Hombres,70-74 años,5925.0,110,11,2029,1244,56,148,747,11,102,1288,179,0,002
Azcapotzalco,Hombres,75-79 años,3966.0,136,17,1731,722,26,97,398,4,71,680,84,0,002
Azcapotzalco,Hombres,80-84 años,2628.0,137,14,1306,409,27,41,209,10,26,408,40,1,002
Azcapotzalco,Hombres,85 años y más,2163.0,191,11,1167,276,8,28,122,3,19,291,44,3,002
Azcapotzalco,Mujeres,03-05 años,6954.0,2215,4676,0,0,0,0,0,0,0,0,0,63,002
Azcapotzalco,Mujeres,06-09 años,9080.0,74,2330,6604,0,0,0,0,0,0,0,0,72,002
Azcapotzalco,Mujeres,10-14 años,12667.0,21,158,7665,4749,3,0,0,0,0,0,0,71,002
Azcapotzalco,Mujeres,15-19 años,13711.0,17,4,196,4074,20,35,8224,0,60,1004,0,77,002
Azcapotzalco,Mujeres,20-24 años,15561.0,31,2,187,1786,22,82,5337,0,251,7629,175,59,002
Azcapotzalco,Mujeres,25-29 años,17506.0,34,7,253,2064,22,95,4595,0,303,9191,902,40,002
Azcapotzalco,Mujeres,30-34 años,17858.0,47,7,398,2330,35,169,4236,0,430,8748,1417,41,002
Azcapotzalco,Mujeres,35-39 años,17294.0,78,4,623,2655,37,284,4026,0,522,7596,1433,36,002
Azcapotzalco,Mujeres,40-44 años,16621.0,82,5,856,3319,75,576,3947,0,666,5883,1188,24,002
Azcapotzalco,Mujeres,45-49 años,17049.0,127,5,1125,3824,81,1033,3867,9,900,5129,919,30,002
Azcapotzalco,Mujeres,50-54 años,16822.0,157,12,1839,4019,118,1331,3434,66,990,4182,669,5,002
Azcapotzalco,Mujeres,55-59 años,14682.0,186,14,2456,3124,207,1217,2531,104,803,3471,560,9,002
Azcapotzalco,Mujeres,60-64 años,13290.0,265,26,3415,2604,360,1184,1757,80,611,2585,394,9,002
Azcapotzalco,Mujeres,65-69 años,10153.0,277,22,3569,1751,444,989,937,80,450,1428,205,1,002
Azcapotzalco,Mujeres,70-74 años,8307.0,407,45,3555,1176,480,789,523,82,283,835,132,0,002
Azcapotzalco,Mujeres,75-79 años,5665.0,402,33,2815,677,290,425,267,44,182,466,64,0,002
Azcapotzalco,Mujeres,80-84 años,4217.0,436,27,2247,407,193,282,132,38,116,309,28,2,002
Azcapotzalco,Mujeres,85 años y más,3933.0,581,34,2193,350,142,199,107,35,73,204,15,0,002
Benito Juárez,Hombres,03-05 años,5615.0,1428,4129,0,0,0,0,0,0,0,0,0,58,014
Benito Juárez,Hombres,06-09 años,6730.0,55,1957,4664,0,0,0,0,0,0,0,0,54,014
Benito Juárez,Hombres,10-14 años,8962.0,20,166,5678,3041,0,0,0,0,0,0,0,57,014
Benito Juárez,Hombres,15-19 años,9563.0,28,3,156,2699,8,19,5694,0,51,850,0,55,014
Benito Juárez,Hombres,20-24 años,12351.0,31,2,65,598,11,25,3628,0,173,7601,173,44,014
Benito Juárez,Hombres,25-29 años,17844.0,50,4,98,629,15,20,2370,0,177,12394,2042,45,014
Benito Juárez,Hombres,30-34 años,21909.0,45,6,107,680,19,35,2266,0,253,13893,4558,47,014
Benito Juárez,Hombres,35-39 años,21123.0,45,7,160,737,21,55,2218,0,257,12408,5170,45,014
Benito Juárez,Hombres,40-44 años,17613.0,52,2,205,725,24,66,2101,0,239,9732,4430,37,014
Benito Juárez,Hombres,45-49 años,15941.0,29,4,248,928,17,89,2165,3,268,8445,3711,34,014
Benito Juárez,Hombres,50-54 años,13181.0,42,4,283,937,32,92,1939,16,286,6917,2614,19,014
Benito Juárez,Hombres,55-59 años,11800.0,49,7,349,816,33,82,1915,12,239,6135,2149,14,014
Benito Juárez,Hombres,60-64 años,10937.0,35,5,409,707,25,77,1563,12,167,5904,2026,7,014
Benito Juárez,Hombres,65-69 años,8583.0,29,4,492,684,25,105,1125,8,167,4475,1456,13,014
Benito Juárez,Hombres,70-74 años,6472.0,45,4,530,528,23,95,724,5,143,3356,1017,2,014
Benito Juárez,Hombres,75-79 años,4031.0,37,7,456,359,16,37,515,13,94,1979,516,2,014
Benito Juárez,Hombres,80-84 años,2584.0,39,3,404,280,13,42,274,13,51,1181,281,3,014
Benito Juárez,Hombres,85 años y más,2122.0,44,10,427,286,14,52,238,10,47,824,168,2,014
Benito Juárez,Mujeres,03-05 años,5391.0,1377,3943,0,0,0,0,0,0,0,0,0,71,014
Benito Juárez,Mujeres,06-09 años,6656.0,78,1913,4613,0,0,0,0,0,0,0,0,52,014
Benito Juárez,Mujeres,10-14 años,8570.0,27,169,5333,2988,4,0,0,0,0,0,0,49,014
Benito Juárez,Mujeres,15-19 años,9407.0,16,9,157,2600,5,23,5580,0,40,927,0,50,014
Benito Juárez,Mujeres,20-24 años,12760.0,28,6,108,575,12,24,3387,0,166,8136,241,77,014
Benito Juárez,Mujeres,25-29 años,19331.0,45,7,129,613,13,40,2212,0,216,13546,2471,39,014
Benito Juárez,Mujeres,30-34 años,23278.0,59,4,195,680,22,77,2114,0,283,14552,5256,36,014
Benito Juárez,Mujeres,35-39 años,21844.0,36,7,295,716,21,119,2138,0,356,12716,5397,43,014
Benito Juárez,Mujeres,40-44 años,19236.0,55,7,383,912,47,190,2227,0,472,10482,4411,50,014
Benito Juárez,Mujeres,45-49 años,17590.0,52,8,473,1142,59,413,2473,15,686,8981,3256,32,014
Benito Juárez,Mujeres,50-54 años,15844.0,69,6,618,1229,93,561,2525,58,809,7530,2328,18,014
Benito Juárez,Mujeres,55-59 años,14913.0,76,9,707,1234,119,780,2346,89,903,6645,1989,16,014
Benito Juárez,Mujeres,60-64 años,14814.0,120,12,1129,1351,210,1135,2208,102,991,5848,1698,10,014
Benito Juárez,Mujeres,65-69 años,11850.0,94,15,1206,1236,310,1297,1608,110,877,4049,1045,3,014
Benito Juárez,Mujeres,70-74 años,9617.0,141,20,1382,1058,405,1105,1155,128,725,2835,657,6,014
Benito Juárez,Mujeres,75-79 años,6395.0,128,15,1270,845,282,735,680,96,469,1559,310,6,014
Benito Juárez,Mujeres,80-84 años,4764.0,153,12,1168,614,249,565,518,66,320,921,173,5,014
Benito Juárez,Mujeres,85 años y más,5175.0,248,24,1651,747,249,545,465,72,290,793,85,6,014
Coyoacán,Hombres,03-05 años,9204.0,2839,6291,0,0,0,0,0,0,0,0,0,74,003
Coyoacán,Hombres,06-09 años,12210.0,137,3424,8535,0,0,0,0,0,0,0,0,114,003
Coyoacán,Hombres,10-14 años,17531.0,63,488,10495,6373,3,0,0,0,0,0,0,109,003
Coyoacán,Hombres,15-19 años,20091.0,55,15,476,7042,22,103,10909,0,101,1282,0,86,003
Coyoacán,Hombres,20-24 años,23667.0,83,9,431,3028,15,114,8543,0,337,10848,187,72,003
Coyoacán,Hombres,25-29 años,23879.0,84,9,556,3223,26,116,5639,0,351,12272,1564,39,003
Coyoacán,Hombres,30-34 años,22251.0,112,10,654,3145,31,118,5083,0,409,10176,2484,29,003
Coyoacán,Hombres,35-39 años,21119.0,131,12,854,3331,26,155,4942,0,383,8909,2339,37,003
Coyoacán,Hombres,40-44 años,20884.0,162,18,1120,3772,38,174,4871,0,401,7957,2343,28,003
Coyoacán,Hombres,45-49 años,21315.0,172,21,1328,4254,41,292,4935,2,487,7508,2246,29,003
Coyoacán,Hombres,50-54 años,19628.0,184,15,1388,3956,39,289,4450,13,501,6978,1794,21,003
Coyoacán,Hombres,55-59 años,16722.0,166,33,1514,3027,29,205,3431,15,304,6282,1708,8,003
Coyoacán,Hombres,60-64 años,15447.0,184,35,1889,2245,40,198,2582,17,245,6213,1784,15,003
Coyoacán,Hombres,65-69 años,13010.0,169,35,2136,1949,54,199,1730,13,207,5112,1397,9,003
Coyoacán,Hombres,70-74 años,10308.0,221,39,2256,1493,65,195,1144,16,193,3684,996,6,003
Coyoacán,Hombres,75-79 años,6748.0,245,32,1870,899,40,113,677,17,111,2194,547,3,003
Coyoacán,Hombres,80-84 años,4174.0,226,28,1291,519,30,81,338,16,69,1268,304,4,003
Coyoacán,Hombres,85 años y más,3321.0,279,33,1206,371,19,65,247,12,42,844,197,6,003
Coyoacán,Mujeres,03-05 años,8857.0,2736,6026,0,0,0,0,0,0,0,0,0,95,003
Coyoacán,Mujeres,06-09 años,12013.0,112,3338,8483,0,0,0,0,0,0,0,0,80,003
Coyoacán,Mujeres,10-14 años,16721.0,54,382,10024,6175,7,0,0,0,0,0,0,79,003
Coyoacán,Mujeres,15-19 años,19308.0,55,12,385,6173,14,137,10809,0,114,1495,0,114,003
Coyoacán,Mujeres,20-24 años,23369.0,75,10,387,2785,19,186,7532,0,392,11672,230,81,003
Coyoacán,Mujeres,25-29 años,23960.0,64,15,504,3031,25,191,5270,0,453,12633,1735,39,003
Coyoacán,Mujeres,30-34 años,23393.0,105,12,627,3197,32,261,4934,0,578,10777,2837,33,003
Coyoacán,Mujeres,35-39 años,23561.0,151,25,948,3460,42,409,4956,0,703,10025,2798,44,003
Coyoacán,Mujeres,40-44 años,23931.0,169,23,1350,4187,53,714,4901,0,895,9072,2498,69,003
Coyoacán,Mujeres,45-49 años,24865.0,195,22,1534,4722,74,1113,5183,10,1211,8489,2274,38,003
Coyoacán,Mujeres,50-54 años,23601.0,250,35,2114,4761,139,1402,4359,83,1162,7394,1885,17,003
Coyoacán,Mujeres,55-59 años,20856.0,285,46,2603,3586,166,1411,3415,102,1079,6476,1671,16,003
Coyoacán,Mujeres,60-64 años,20697.0,378,72,3712,3196,331,1676,2895,109,988,5838,1490,12,003
Coyoacán,Mujeres,65-69 años,17480.0,488,70,4245,2492,459,1746,1938,125,922,3941,1045,9,003
Coyoacán,Mujeres,70-74 años,13762.0,575,56,4113,1728,537,1384,1240,139,677,2646,658,9,003
Coyoacán,Mujeres,75-79 años,9201.0,595,66,3186,1061,368,828,651,110,431,1570,330,5,003
Coyoacán,Mujeres,80-84 años,6219.0,535,56,2313,710,243,600,415,66,276,831,174,0,003
Coyoacán,Mujeres,85 años y más,6225.0,766,63,2595,676,206,478,364,55,220,671,126,5,003
Cuajimalpa de Morelos,Hombres,03-05 años,4851.0,1526,3244,0,0,0,0,0,0,0,0,0,81,004
Cuajimalpa de Morelos,Hombres,06-09 años,6141.0,93,1433,4556,0,0,0,0,0,0,0,0,59,004
Cuajimalpa de Morelos,Hombres,10-14 años,7952.0,56,37,4896,2900,0,0,0,0,0,0,0,63,004
Cuajimalpa de Morelos,Hombres,15-19 años,8442.0,31,2,317,3028,11,54,4523,0,41,388,0,47,004
Cuajimalpa de Morelos,Hombres,20-24 años,8830.0,80,6,346,1693,17,39,3144,0,129,3259,66,51,004
Cuajimalpa de Morelos,Hombres,25-29 años,8732.0,76,8,379,1850,16,44,2345,0,139,3444,406,25,004
Cuajimalpa de Morelos,Hombres,30-34 años,8547.0,78,4,504,1934,13,46,2206,0,131,2816,795,20,004
Cuajimalpa de Morelos,Hombres,35-39 años,8013.0,94,4,597,2014,11,59,1929,0,130,2245,910,20,004
Cuajimalpa de Morelos,Hombres,40-44 años,7443.0,112,8,690,2070,14,81,1537,0,121,1935,859,16,004
Cuajimalpa de Morelos,Hombres,45-49 años,7399.0,86,4,729,2065,15,73,1557,0,132,1801,908,29,004
Cuajimalpa de Morelos,Hombres,50-54 años,6711.0,110,12,890,1861,8,65,1320,2,110,1570,746,17,004
Cuajimalpa de Morelos,Hombres,55-59 años,5397.0,103,6,889,1311,12,49,923,8,72,1459,562,3,004
Cuajimalpa de Morelos,Hombres,60-64 años,4180.0,90,5,1130,806,8,31,548,2,48,1035,469,8,004
Cuajimalpa de Morelos,Hombres,65-69 años,2897.0,85,7,917,574,13,22,237,6,34,737,262,3,004
Cuajimalpa de Morelos,Hombres,70-74 años,1936.0,111,7,768,266,11,23,134,0,22,404,187,3,004
Cuajimalpa de Morelos,Hombres,75-79 años,1262.0,102,4,530,156,1,10,77,3,8,295,74,2,004
Cuajimalpa de Morelos,Hombres,80-84 años,751.0,81,3,364,68,1,10,43,0,4,130,47,0,004
Cuajimalpa de Morelos,Hombres,85 años y más,511.0,64,0,262,50,0,0,23,0,3,84,25,0,004
Cuajimalpa de Morelos,Mujeres,03-05 años,4673.0,1563,3047,0,0,0,0,0,0,0,0,0,63,004
Cuajimalpa de Morelos,Mujeres,06-09 años,5839.0,73,1292,4419,0,0,0,0,0,0,0,0,55,004
Cuajimalpa de Morelos,Mujeres,10-14 años,7821.0,51,49,4686,2983,3,0,0,0,0,0,0,49,004
Cuajimalpa de Morelos,Mujeres,15-19 años,8334.0,42,5,252,2756,18,45,4661,0,44,451,0,60,004
Cuajimalpa de Morelos,Mujeres,20-24 años,9464.0,62,3,342,1829,16,57,3112,0,178,3717,73,75,004
Cuajimalpa de Morelos,Mujeres,25-29 años,9718.0,62,8,489,2034,12,70,2494,0,160,3834,496,59,004
Cuajimalpa de Morelos,Mujeres,30-34 años,9609.0,107,3,619,2190,12,109,2370,0,206,3184,768,41,004
Cuajimalpa de Morelos,Mujeres,35-39 años,8817.0,115,5,744,2203,19,153,1969,0,210,2611,754,34,004
Cuajimalpa de Morelos,Mujeres,40-44 años,8471.0,126,2,1045,2241,13,190,1663,0,270,2208,681,32,004
Cuajimalpa de Morelos,Mujeres,45-49 años,8481.0,128,8,1163,2321,25,264,1535,0,307,2058,638,34,004
Cuajimalpa de Morelos,Mujeres,50-54 años,7892.0,182,16,1440,2054,26,301,1249,12,313,1814,469,16,004
Cuajimalpa de Morelos,Mujeres,55-59 años,6160.0,165,13,1562,1383,27,226,823,12,194,1403,342,10,004
Cuajimalpa de Morelos,Mujeres,60-64 años,4863.0,195,11,1782,829,38,167,485,15,149,952,232,8,004
Cuajimalpa de Morelos,Mujeres,65-69 años,3362.0,225,6,1458,448,36,118,266,5,110,548,138,4,004
Cuajimalpa de Morelos,Mujeres,70-74 años,2449.0,259,5,1213,261,22,77,157,6,43,311,92,3,004
Cuajimalpa de Morelos,Mujeres,75-79 años,1543.0,244,8,729,121,14,39,134,3,31,175,43,2,004
Cuajimalpa de Morelos,Mujeres,80-84 años,1078.0,199,6,553,77,8,27,78,5,10,84,29,2,004
Cuajimalpa de Morelos,Mujeres,85 años y más,971.0,254,5,455,71,9,18,61,3,19,69,7,0,004
Cuauhtémoc,Hombres,03-05 años,8599.0,2607,5883,0,0,0,0,0,0,0,0,0,109,015
Cuauhtémoc,Hombres,06-09 años,11164.0,119,2650,8306,0,0,0,0,0,0,0,0,89,015
Cuauhtémoc,Hombres,10-14 años,15217.0,59,195,9220,5649,3,0,0,0,0,0,0,91,015
Cuauhtémoc,Hombres,15-19 años,16162.0,74,6,497,5656,22,45,8798,0,75,899,0,90,015
Cuauhtémoc,Hombres,20-24 años,19045.0,65,10,510,2934,25,49,7220,0,248,7737,155,92,015
Cuauhtémoc,Hombres,25-29 años,25021.0,100,11,643,3257,27,68,6082,0,310,12920,1523,80,015
Cuauhtémoc,Hombres,30-34 años,27072.0,125,11,793,3297,35,77,5724,0,329,13333,3267,81,015
Cuauhtémoc,Hombres,35-39 años,23744.0,127,6,846,3279,30,109,5126,0,368,10685,3095,73,015
Cuauhtémoc,Hombres,40-44 años,19976.0,100,5,1062,3473,34,142,4644,0,336,7644,2475,61,015
Cuauhtémoc,Hombres,45-49 años,18634.0,133,9,1136,3688,31,158,4530,6,389,6579,1933,42,015
Cuauhtémoc,Hombres,50-54 años,16398.0,134,14,1265,3416,29,199,4088,16,383,5296,1530,28,015
Cuauhtémoc,Hombres,55-59 años,13993.0,136,11,1449,2860,38,151,3276,27,265,4618,1141,21,015
Cuauhtémoc,Hombres,60-64 años,12776.0,150,15,1800,2465,40,145,2557,10,241,4275,1055,23,015
Cuauhtémoc,Hombres,65-69 años,9666.0,136,9,1785,1820,55,140,1605,11,179,3163,747,16,015
Cuauhtémoc,Hombres,70-74 años,7036.0,140,4,1745,1291,46,126,980,14,143,2103,431,13,015
Cuauhtémoc,Hombres,75-79 años,4341.0,110,11,1372,694,37,73,526,9,90,1167,246,6,015
Cuauhtémoc,Hombres,80-84 años,2705.0,112,14,962,441,19,34,264,1,45,660,151,2,015
Cuauhtémoc,Hombres,85 años y más,2139.0,117,8,883,349,15,33,198,6,29,436,62,3,015
Cuauhtémoc,Mujeres,03-05 años,8514.0,2695,5716,0,0,0,0,0,0,0,0,0,103,015
Cuauhtémoc,Mujeres,06-09 años,10760.0,121,2536,8016,0,0,0,0,0,0,0,0,87,015
Cuauhtémoc,Mujeres,10-14 años,14690.0,40,180,8828,5528,6,0,0,0,0,0,0,108,015
Cuauhtémoc,Mujeres,15-19 años,15628.0,58,14,333,4931,15,55,8959,0,74,1113,0,76,015
Cuauhtémoc,Mujeres,20-24 años,19252.0,54,9,487,2652,24,75,6501,0,270,8867,229,84,015
Cuauhtémoc,Mujeres,25-29 años,25150.0,77,13,575,3124,26,108,5637,0,367,13357,1802,64,015
Cuauhtémoc,Mujeres,30-34 años,26745.0,101,11,705,3362,52,161,5354,0,464,13091,3387,57,015
Cuauhtémoc,Mujeres,35-39 años,24149.0,140,9,989,3521,49,249,5122,0,552,10426,3036,56,015
Cuauhtémoc,Mujeres,40-44 años,21015.0,153,15,1271,3844,54,470,4655,0,675,7634,2189,55,015
Cuauhtémoc,Mujeres,45-49 años,20138.0,174,9,1558,4217,102,768,4480,7,967,6230,1593,33,015
Cuauhtémoc,Mujeres,50-54 años,19334.0,229,18,2123,4163,137,1129,4126,60,1067,5045,1215,22,015
Cuauhtémoc,Mujeres,55-59 años,17084.0,268,22,2705,3560,169,1238,3143,68,891,4113,893,14,015
Cuauhtémoc,Mujeres,60-64 años,16742.0,360,27,3743,3098,349,1362,2513,65,773,3693,745,14,015
Cuauhtémoc,Mujeres,65-69 años,12671.0,391,37,3680,2149,411,1159,1554,69,603,2184,426,8,015
Cuauhtémoc,Mujeres,70-74 años,9884.0,452,27,3415,1478,451,897,884,84,463,1437,286,10,015
Cuauhtémoc,Mujeres,75-79 años,6478.0,442,35,2589,851,327,506,491,55,291,753,136,2,015
Cuauhtémoc,Mujeres,80-84 años,4863.0,408,19,2210,616,215,368,307,25,178,443,70,4,015
Cuauhtémoc,Mujeres,85 años y más,4508.0,575,27,2266,475,137,285,213,38,117,307,62,6,015
Gustavo A. Madero,Hombres,03-05 años,21665.0,8250,13184,0,0,0,0,0,0,0,0,0,231,005
Gustavo A. Madero,Hombres,06-09 años,28871.0,257,7212,21208,0,0,0,0,0,0,0,0,194,005
Gustavo A. Madero,Hombres,10-14 años,39042.0,121,382,23947,14355,8,0,0,0,0,0,0,229,005
Gustavo A. Madero,Hombres,15-19 años,43052.0,136,17,1143,15435,58,100,23473,0,161,2379,0,150,005
Gustavo A. Madero,Hombres,20-24 años,46768.0,642,8,1199,8146,54,187,17620,0,571,17864,330,147,005
Gustavo A. Madero,Hombres,25-29 años,46369.0,1270,19,1576,8788,67,207,13658,0,567,18553,1589,75,005
Gustavo A. Madero,Hombres,30-34 años,43437.0,1442,15,1889,9195,47,210,12574,0,617,15432,1976,40,005
Gustavo A. Madero,Hombres,35-39 años,40516.0,1440,27,2365,9649,50,308,11532,0,642,12642,1792,69,005
Gustavo A. Madero,Hombres,40-44 años,38783.0,1243,14,3086,10321,60,374,10466,0,718,10664,1795,42,005
Gustavo A. Madero,Hombres,45-49 años,39825.0,1034,22,3523,11545,76,515,10863,10,739,9855,1595,48,005
Gustavo A. Madero,Hombres,50-54 años,37979.0,815,18,4362,10749,62,567,10064,43,783,9138,1344,34,005
Gustavo A. Madero,Hombres,55-59 años,32164.0,584,28,4886,8365,78,452,7669,45,574,8250,1213,20,005
Gustavo A. Madero,Hombres,60-64 años,27902.0,549,25,6113,6345,114,375,5462,48,348,7327,1179,17,005
Gustavo A. Madero,Hombres,65-69 años,20530.0,533,40,5833,4504,116,354,3084,34,245,4991,786,10,005
Gustavo A. Madero,Hombres,70-74 años,15486.0,628,36,5688,3087,133,301,1815,43,206,3081,460,8,005
Gustavo A. Madero,Hombres,75-79 años,10673.0,656,42,4750,1810,84,197,922,37,132,1782,259,2,005
Gustavo A. Madero,Hombres,80-84 años,7062.0,583,26,3562,1011,55,99,494,24,82,985,140,1,005
Gustavo A. Madero,Hombres,85 años y más,5681.0,657,20,3206,640,42,76,320,15,39,610,54,2,005
Gustavo A. Madero,Mujeres,03-05 años,20950.0,7636,13062,0,0,0,0,0,0,0,0,0,252,005
Gustavo A. Madero,Mujeres,06-09 años,28149.0,210,6891,20820,0,0,0,0,0,0,0,0,228,005
Gustavo A. Madero,Mujeres,10-14 años,38407.0,88,376,23239,14500,7,0,0,0,0,0,0,197,005
Gustavo A. Madero,Mujeres,15-19 años,41281.0,98,22,804,13382,58,177,23639,0,190,2731,0,180,005
Gustavo A. Madero,Mujeres,20-24 años,44809.0,148,13,932,7044,62,245,15892,0,693,19304,345,131,005
Gustavo A. Madero,Mujeres,25-29 años,45079.0,139,14,1252,8051,62,336,13412,0,761,19280,1703,69,005
Gustavo A. Madero,Mujeres,30-34 años,44189.0,183,25,1759,9097,76,531,12481,0,1010,16654,2286,87,005
Gustavo A. Madero,Mujeres,35-39 años,43083.0,260,23,2525,10260,97,834,11725,0,1218,13870,2201,70,005
Gustavo A. Madero,Mujeres,40-44 años,42720.0,429,31,3580,11262,100,1437,10526,0,1532,11980,1767,76,005
Gustavo A. Madero,Mujeres,45-49 años,44866.0,440,30,4563,12552,203,2502,10294,27,1984,10521,1691,59,005
Gustavo A. Madero,Mujeres,50-54 años,44541.0,706,41,6510,11972,273,2961,9221,154,2013,9314,1347,29,005
Gustavo A. Madero,Mujeres,55-59 años,37842.0,757,47,8100,8985,448,2814,6344,253,1542,7420,1113,19,005
Gustavo A. Madero,Mujeres,60-64 años,34192.0,1073,60,10509,6892,793,2639,4186,237,1166,5773,850,14,005
Gustavo A. Madero,Mujeres,65-69 años,26030.0,1219,61,10180,4559,949,2229,2261,160,830,3120,455,7,005
Gustavo A. Madero,Mujeres,70-74 años,20814.0,1534,79,9342,2848,1022,1694,1231,173,615,2035,229,12,005
Gustavo A. Madero,Mujeres,75-79 años,14406.0,1549,56,7211,1596,706,1033,595,145,344,1038,124,9,005
Gustavo A. Madero,Mujeres,80-84 años,10617.0,1480,56,5716,1023,418,602,353,87,181,633,64,4,005
Gustavo A. Madero,Mujeres,85 años y más,10076.0,2062,67,5631,772,312,384,224,49,145,383,43,4,005
Iztacalco,Hombres,03-05 años,6898.0,2362,4468,0,0,0,0,0,0,0,0,0,68,006
Iztacalco,Hombres,06-09 años,9413.0,79,2532,6741,0,0,0,0,0,0,0,0,61,006
Iztacalco,Hombres,10-14 años,12900.0,43,250,7816,4736,4,0,0,0,0,0,0,51,006
Iztacalco,Hombres,15-19 años,14264.0,23,8,352,5120,13,63,7850,0,90,681,0,64,006
Iztacalco,Hombres,20-24 años,15348.0,46,5,349,2594,16,73,6234,0,242,5666,75,48,006
Iztacalco,Hombres,25-29 años,15573.0,67,9,419,2675,11,70,4754,0,256,6765,507,40,006
Iztacalco,Hombres,30-34 años,15482.0,69,7,509,2935,21,99,4446,0,277,6298,783,38,006
Iztacalco,Hombres,35-39 años,14487.0,80,10,659,2815,24,119,4249,0,280,5361,866,24,006
Iztacalco,Hombres,40-44 años,13514.0,82,12,892,3122,23,141,3932,0,303,4283,693,31,006
Iztacalco,Hombres,45-49 años,14074.0,101,12,1031,3606,24,185,4126,4,341,3992,632,20,006
Iztacalco,Hombres,50-54 años,13188.0,117,9,1236,3459,14,224,3720,12,294,3604,478,21,006
Iztacalco,Hombres,55-59 años,11269.0,87,6,1459,2733,29,172,2867,13,205,3255,435,8,006
Iztacalco,Hombres,60-64 años,9660.0,123,9,1751,2090,14,140,2112,15,163,2839,398,6,006
Iztacalco,Hombres,65-69 años,7097.0,99,12,1839,1504,49,134,1143,13,92,1960,241,11,006
Iztacalco,Hombres,70-74 años,5192.0,148,19,1882,1067,42,119,670,16,65,1047,114,3,006
Iztacalco,Hombres,75-79 años,3488.0,148,15,1563,663,41,70,328,6,36,557,60,1,006
Iztacalco,Hombres,80-84 años,2400.0,179,19,1200,357,11,50,207,10,22,301,42,2,006
Iztacalco,Hombres,85 años y más,2121.0,203,21,1218,256,16,36,109,8,10,204,38,2,006
Iztacalco,Mujeres,03-05 años,6625.0,2176,4388,0,0,0,0,0,0,0,0,0,61,006
Iztacalco,Mujeres,06-09 años,9279.0,87,2378,6744,0,0,0,0,0,0,0,0,70,006
Iztacalco,Mujeres,10-14 años,12670.0,34,257,7580,4737,5,0,0,0,0,0,0,57,006
Iztacalco,Mujeres,15-19 años,13495.0,30,9,243,4292,12,63,7795,0,83,896,0,72,006
Iztacalco,Mujeres,20-24 años,15293.0,40,6,249,2110,16,98,5817,0,281,6531,100,45,006
Iztacalco,Mujeres,25-29 años,16154.0,40,5,328,2489,15,112,4720,0,368,7423,614,40,006
Iztacalco,Mujeres,30-34 años,16253.0,50,5,499,2635,26,214,4478,0,408,6962,950,26,006
Iztacalco,Mujeres,35-39 años,15620.0,61,7,701,2772,31,333,4261,0,467,5963,993,31,006
Iztacalco,Mujeres,40-44 años,15234.0,91,12,1020,3283,58,474,4148,0,627,4703,784,34,006
Iztacalco,Mujeres,45-49 años,16002.0,139,15,1304,3965,64,827,4103,3,824,4080,650,28,006
Iztacalco,Mujeres,50-54 años,15712.0,145,17,1784,3886,82,1077,3582,63,855,3695,505,21,006
Iztacalco,Mujeres,55-59 años,13336.0,163,20,2334,2982,142,1107,2682,100,592,2825,380,9,006
Iztacalco,Mujeres,60-64 años,12173.0,234,21,3296,2549,241,988,1804,78,463,2180,313,6,006
Iztacalco,Mujeres,65-69 años,9195.0,324,31,3284,1718,323,917,940,59,294,1138,160,7,006
Iztacalco,Mujeres,70-74 años,7208.0,423,40,3392,1053,312,575,461,51,205,615,78,3,006
Iztacalco,Mujeres,75-79 años,4907.0,440,45,2579,574,223,341,231,47,93,292,42,0,006
Iztacalco,Mujeres,80-84 años,3774.0,478,41,2051,384,131,243,129,38,50,208,20,1,006
Iztacalco,Mujeres,85 años y más,3692.0,656,47,2105,272,106,173,85,27,47,164,10,0,006
Iztapalapa,Hombres,03-05 años,35019.0,14747,19989,0,0,0,0,0,0,0,0,0,283,007
Iztapalapa,Hombres,06-09 años,52162.0,610,13061,38127,0,0,0,0,0,0,0,0,364,007
Iztapalapa,Hombres,10-14 años,69528.0,247,1010,42762,25200,12,0,0,0,0,0,0,297,007
Iztapalapa,Hombres,15-19 años,73108.0,290,36,3148,28617,94,350,36920,0,361,3049,0,243,007
Iztapalapa,Hombres,20-24 años,75828.0,826,28,3346,17168,109,352,30724,0,1123,21649,310,193,007
Iztapalapa,Hombres,25-29 años,75498.0,1820,35,4347,18650,117,410,24433,0,1129,23074,1396,87,007
Iztapalapa,Hombres,30-34 años,71308.0,2331,47,4981,18991,124,512,22039,0,1091,19249,1857,86,007
Iztapalapa,Hombres,35-39 años,66445.0,2358,57,5708,19539,112,555,19873,0,1123,15247,1789,84,007
Iztapalapa,Hombres,40-44 años,62646.0,2164,57,7010,19915,134,652,17445,0,1115,12456,1641,57,007
Iztapalapa,Hombres,45-49 años,61013.0,1796,64,7318,20335,134,810,16862,10,1141,11031,1457,55,007
Iztapalapa,Hombres,50-54 años,54898.0,1462,68,8482,17461,120,822,14384,43,999,9941,1093,23,007
Iztapalapa,Hombres,55-59 años,45370.0,1216,61,9430,12919,103,615,10454,72,688,8787,1007,18,007
Iztapalapa,Hombres,60-64 años,39606.0,1257,83,11443,9722,131,490,7267,60,472,7725,942,14,007
Iztapalapa,Hombres,65-69 años,29058.0,1153,87,11041,6596,153,377,3701,40,321,5025,556,8,007
Iztapalapa,Hombres,70-74 años,20815.0,1290,85,9679,3951,127,301,1985,40,210,2814,325,8,007
Iztapalapa,Hombres,75-79 años,12994.0,1190,93,6847,1957,80,171,938,35,117,1393,170,3,007
Iztapalapa,Hombres,80-84 años,7309.0,973,49,3940,940,46,82,471,16,50,654,86,2,007
Iztapalapa,Hombres,85 años y más,5513.0,951,54,3213,501,22,32,265,18,26,393,35,3,007
Iztapalapa,Mujeres,03-05 años,34456.0,14533,19674,0,0,0,0,0,0,0,0,0,249,007
Iztapalapa,Mujeres,06-09 años,50332.0,546,12674,36760,0,0,0,0,0,0,0,0,352,007
Iztapalapa,Mujeres,10-14 años,67431.0,215,936,40860,25115,16,0,0,0,0,0,0,289,007
Iztapalapa,Mujeres,15-19 años,70085.0,197,28,2209,24719,85,435,38034,0,432,3669,0,277,007
Iztapalapa,Mujeres,20-24 años,74912.0,355,22,2510,15378,140,532,29074,0,1418,24832,456,195,007
Iztapalapa,Mujeres,25-29 años,76092.0,484,43,3395,18115,130,621,24923,0,1434,25150,1703,94,007
Iztapalapa,Mujeres,30-34 años,73562.0,615,44,4282,19635,138,966,22498,0,1744,21195,2337,108,007
Iztapalapa,Mujeres,35-39 años,70485.0,758,62,5998,20082,188,1406,20395,0,2063,17266,2154,113,007
Iztapalapa,Mujeres,40-44 años,68867.0,894,67,8002,21692,214,2207,17683,0,2187,13959,1858,104,007
Iztapalapa,Mujeres,45-49 años,68372.0,1085,66,9262,22397,310,3142,16411,42,2678,11417,1486,76,007
Iztapalapa,Mujeres,50-54 años,63783.0,1353,93,12536,19691,359,3576,12991,165,2484,9310,1208,17,007
Iztapalapa,Mujeres,55-59 años,53920.0,1670,133,15388,14120,477,3014,8639,245,1804,7476,934,20,007
Iztapalapa,Mujeres,60-64 años,48146.0,2313,167,19161,10236,753,2802,5240,197,1285,5290,691,11,007
Iztapalapa,Mujeres,65-69 años,35877.0,2657,163,17181,6199,755,2074,2657,133,829,2857,360,12,007
Iztapalapa,Mujeres,70-74 años,26051.0,2952,170,14031,3268,687,1385,1278,127,437,1534,175,7,007
Iztapalapa,Mujeres,75-79 años,16469.0,2731,133,9105,1598,442,669,547,82,255,817,89,1,007
Iztapalapa,Mujeres,80-84 años,10539.0,2217,89,5964,826,231,344,257,53,113,408,36,1,007
Iztapalapa,Mujeres,85 años y más,9687.0,2760,116,5316,527,168,213,171,33,85,264,28,6,007
La Magdalena Contreras,Hombres,03-05 años,4559.0,1753,2764,0,0,0,0,0,0,0,0,0,42,008
La Magdalena Contreras,Hombres,06-09 años,6646.0,87,1995,4524,0,0,0,0,0,0,0,0,40,008
La Magdalena Contreras,Hombres,10-14 años,9066.0,38,204,5627,3143,1,0,0,0,0,0,0,53,008
La Magdalena Contreras,Hombres,15-19 años,9585.0,34,4,398,4194,13,57,4486,0,55,285,0,59,008
La Magdalena Contreras,Hombres,20-24 años,10068.0,67,2,426,2438,19,100,3993,0,173,2772,38,40,008
La Magdalena Contreras,Hombres,25-29 años,9763.0,65,8,478,2457,12,65,2999,0,159,3200,223,97,008
La Magdalena Contreras,Hombres,30-34 años,8855.0,75,6,635,2444,7,95,2520,0,155,2444,370,104,008
La Magdalena Contreras,Hombres,35-39 años,8479.0,96,10,841,2579,14,102,2186,0,154,2001,447,49,008
La Magdalena Contreras,Hombres,40-44 años,8278.0,98,12,951,2635,12,133,1887,0,179,1805,545,21,008
La Magdalena Contreras,Hombres,45-49 años,8791.0,119,20,1143,2839,16,144,1939,4,192,1818,529,28,008
La Magdalena Contreras,Hombres,50-54 años,7915.0,147,10,1200,2400,15,140,1711,5,138,1643,494,12,008
La Magdalena Contreras,Hombres,55-59 años,6251.0,122,7,1250,1683,15,97,1196,3,113,1377,379,9,008
La Magdalena Contreras,Hombres,60-64 años,5424.0,158,13,1506,1184,12,69,827,7,73,1224,346,5,008
La Magdalena Contreras,Hombres,65-69 años,4035.0,170,15,1386,724,22,59,446,2,43,876,292,0,008
La Magdalena Contreras,Hombres,70-74 años,3072.0,159,7,1202,521,17,40,207,5,26,621,264,3,008
La Magdalena Contreras,Hombres,75-79 años,1899.0,175,7,816,255,11,33,85,0,15,359,142,1,008
La Magdalena Contreras,Hombres,80-84 años,1096.0,139,9,484,131,3,17,49,2,12,193,57,0,008
La Magdalena Contreras,Hombres,85 años y más,901.0,118,6,431,77,5,10,51,0,15,141,47,0,008
La Magdalena Contreras,Mujeres,03-05 años,4382.0,1713,2626,0,0,0,0,0,0,0,0,0,43,008
La Magdalena Contreras,Mujeres,06-09 años,6474.0,71,1850,4514,0,0,0,0,0,0,0,0,39,008
La Magdalena Contreras,Mujeres,10-14 años,9030.0,30,183,5587,3189,1,0,0,0,0,0,0,40,008
La Magdalena Contreras,Mujeres,15-19 años,9304.0,29,4,279,3747,15,74,4660,0,72,372,0,52,008
La Magdalena Contreras,Mujeres,20-24 años,9901.0,44,4,308,2112,19,109,3795,0,221,3197,57,35,008
La Magdalena Contreras,Mujeres,25-29 años,10070.0,66,3,393,2384,21,128,3152,0,206,3417,280,20,008
La Magdalena Contreras,Mujeres,30-34 años,9287.0,69,2,536,2343,30,218,2575,0,304,2704,485,21,008
La Magdalena Contreras,Mujeres,35-39 años,9198.0,89,4,837,2562,32,274,2261,0,308,2337,470,24,008
La Magdalena Contreras,Mujeres,40-44 años,9538.0,122,13,1113,2773,26,367,2052,0,339,2189,526,18,008
La Magdalena Contreras,Mujeres,45-49 años,10030.0,156,10,1401,2968,42,505,1881,5,422,2119,486,35,008
La Magdalena Contreras,Mujeres,50-54 años,9319.0,200,17,1693,2702,54,570,1404,16,402,1836,417,8,008
La Magdalena Contreras,Mujeres,55-59 años,7496.0,222,16,2060,1773,59,452,933,17,301,1369,289,5,008
La Magdalena Contreras,Mujeres,60-64 años,6583.0,324,16,2339,1174,94,359,611,19,202,1127,310,8,008
La Magdalena Contreras,Mujeres,65-69 años,5213.0,408,21,2162,711,97,336,404,16,148,679,226,5,008
La Magdalena Contreras,Mujeres,70-74 años,3774.0,402,22,1747,382,83,201,225,14,109,448,140,1,008
La Magdalena Contreras,Mujeres,75-79 años,2583.0,368,22,1217,193,96,118,123,19,67,269,90,1,008
La Magdalena Contreras,Mujeres,80-84 años,1736.0,272,10,818,153,48,94,97,7,44,155,38,0,008
La Magdalena Contreras,Mujeres,85 años y más,1757.0,378,9,772,141,39,77,106,8,50,155,22,0,008
Miguel Hidalgo,Hombres,03-05 años,6789.0,1939,4754,0,0,0,0,0,0,0,0,0,96,016
Miguel Hidalgo,Hombres,06-09 años,8133.0,90,2162,5805,0,0,0,0,0,0,0,0,76,016
Miguel Hidalgo,Hombres,10-14 años,10998.0,28,221,6802,3876,5,0,0,0,0,0,0,66,016
Miguel Hidalgo,Hombres,15-19 años,11337.0,17,6,226,3912,9,26,6338,0,44,699,0,60,016
Miguel Hidalgo,Hombres,20-24 años,13256.0,31,6,166,1487,19,32,4921,0,142,6258,144,50,016
Miguel Hidalgo,Hombres,25-29 años,16511.0,46,6,235,1629,17,39,3355,0,181,9633,1328,42,016
Miguel Hidalgo,Hombres,30-34 años,18650.0,47,5,308,1683,13,56,3155,0,196,10160,2977,50,016
Miguel Hidalgo,Hombres,35-39 años,17544.0,46,7,375,1829,38,56,3105,0,215,8356,3452,65,016
Miguel Hidalgo,Hombres,40-44 años,15640.0,47,10,438,1942,20,106,2789,0,244,7046,2968,30,016
Miguel Hidalgo,Hombres,45-49 años,14744.0,49,6,603,2032,28,139,2855,5,300,5916,2766,45,016
Miguel Hidalgo,Hombres,50-54 años,12846.0,54,9,752,2290,21,134,2661,9,259,4700,1937,20,016
Miguel Hidalgo,Hombres,55-59 años,10748.0,65,5,827,1833,24,121,2169,8,193,4190,1301,12,016
Miguel Hidalgo,Hombres,60-64 años,9198.0,83,12,1054,1513,20,96,1686,14,145,3472,1084,19,016
Miguel Hidalgo,Hombres,65-69 años,7139.0,65,9,1130,1159,38,108,1037,6,101,2612,868,6,016
Miguel Hidalgo,Hombres,70-74 años,5254.0,74,12,1107,801,24,76,613,9,105,1851,571,11,016
Miguel Hidalgo,Hombres,75-79 años,3613.0,88,13,926,512,19,48,347,3,53,1201,398,5,016
Miguel Hidalgo,Hombres,80-84 años,2342.0,79,10,721,320,13,32,195,5,34,760,169,4,016
Miguel Hidalgo,Hombres,85 años y más,1960.0,86,15,685,232,9,27,187,2,26,520,159,12,016
Miguel Hidalgo,Mujeres,03-05 años,6658.0,1900,4632,0,0,0,0,0,0,0,0,0,126,016
Miguel Hidalgo,Mujeres,06-09 años,8091.0,63,2196,5745,0,0,0,0,0,0,0,0,87,016
Miguel Hidalgo,Mujeres,10-14 años,10644.0,28,206,6601,3729,2,0,0,0,0,0,0,78,016
Miguel Hidalgo,Mujeres,15-19 años,11257.0,25,3,244,3535,7,24,6447,0,47,880,0,45,016
Miguel Hidalgo,Mujeres,20-24 años,13788.0,23,4,250,1466,16,50,4513,0,171,7012,204,79,016
Miguel Hidalgo,Mujeres,25-29 años,18160.0,44,9,348,1877,20,74,3360,0,221,10601,1550,56,016
Miguel Hidalgo,Mujeres,30-34 años,19953.0,43,10,503,1971,27,128,3292,0,302,10582,3027,68,016
Miguel Hidalgo,Mujeres,35-39 años,18658.0,73,15,654,2120,26,195,3079,0,382,8991,3073,50,016
Miguel Hidalgo,Mujeres,40-44 años,17508.0,68,10,968,2394,39,375,2905,0,487,7585,2622,55,016
Miguel Hidalgo,Mujeres,45-49 años,16498.0,74,12,1133,2735,54,592,3047,10,737,6005,2055,44,016
Miguel Hidalgo,Mujeres,50-54 años,14962.0,123,14,1472,2789,94,844,2604,43,777,4783,1394,25,016
Miguel Hidalgo,Mujeres,55-59 años,12878.0,129,8,1664,2359,117,873,2078,68,591,4060,914,17,016
Miguel Hidalgo,Mujeres,60-64 años,11730.0,213,30,2348,1857,209,901,1541,62,551,3187,825,6,016
Miguel Hidalgo,Mujeres,65-69 años,9186.0,202,29,2217,1396,288,797,1066,70,437,2163,509,12,016
Miguel Hidalgo,Mujeres,70-74 años,7429.0,270,31,2181,998,269,602,727,50,347,1576,371,7,016
Miguel Hidalgo,Mujeres,75-79 años,5347.0,264,27,1801,620,222,383,524,52,215,1000,225,14,016
Miguel Hidalgo,Mujeres,80-84 años,3837.0,204,29,1500,434,147,242,365,36,161,614,94,11,016
Miguel Hidalgo,Mujeres,85 años y más,4076.0,390,46,1610,446,123,231,368,26,132,587,91,26,016
Milpa Alta,Hombres,03-05 años,3493.0,1471,2006,0,0,0,0,0,0,0,0,0,16,009
Milpa Alta,Hombres,06-09 años,5187.0,60,1403,3698,0,0,0,0,0,0,0,0,26,009
Milpa Alta,Hombres,10-14 años,6719.0,41,112,4145,2394,0,0,0,0,0,0,0,27,009
Milpa Alta,Hombres,15-19 años,6977.0,35,7,314,3087,9,94,3176,0,26,205,0,24,009
Milpa Alta,Hombres,20-24 años,6748.0,45,3,339,1897,9,76,2667,0,123,1559,20,10,009
Milpa Alta,Hombres,25-29 años,6303.0,45,5,429,1992,9,53,2106,0,78,1519,61,6,009
Milpa Alta,Hombres,30-34 años,5577.0,70,5,512,1915,14,49,1780,0,65,1081,80,6,009
Milpa Alta,Hombres,35-39 años,5176.0,105,10,698,1952,8,43,1458,0,57,756,86,3,009
Milpa Alta,Hombres,40-44 años,4984.0,118,4,798,2009,6,54,1247,0,62,595,86,5,009
Milpa Alta,Hombres,45-49 años,4838.0,114,7,883,1969,5,68,1126,1,58,535,67,5,009
Milpa Alta,Hombres,50-54 años,4355.0,120,9,882,1683,13,41,978,7,44,518,58,2,009
Milpa Alta,Hombres,55-59 años,3476.0,120,3,871,1212,4,32,663,22,37,454,58,0,009
Milpa Alta,Hombres,60-64 años,2724.0,123,5,924,742,6,30,443,18,13,377,43,0,009
Milpa Alta,Hombres,65-69 años,1911.0,110,8,735,530,4,20,221,11,21,220,29,2,009
Milpa Alta,Hombres,70-74 años,1263.0,105,9,603,273,1,13,108,14,2,115,19,1,009
Milpa Alta,Hombres,75-79 años,867.0,93,8,483,143,5,11,39,15,3,63,3,1,009
Milpa Alta,Hombres,80-84 años,518.0,85,2,311,52,0,3,23,4,1,35,2,0,009
Milpa Alta,Hombres,85 años y más,387.0,72,2,249,31,0,1,11,3,0,16,2,0,009
Milpa Alta,Mujeres,03-05 años,3500.0,1400,2081,0,0,0,0,0,0,0,0,0,19,009
Milpa Alta,Mujeres,06-09 años,5009.0,55,1370,3560,0,0,0,0,0,0,0,0,24,009
Milpa Alta,Mujeres,10-14 años,6579.0,31,81,4113,2336,3,0,0,0,0,0,0,15,009
Milpa Alta,Mujeres,15-19 años,6468.0,21,5,196,2526,12,113,3289,0,39,241,0,26,009
Milpa Alta,Mujeres,20-24 años,6643.0,33,6,238,1626,8,104,2702,0,190,1690,26,20,009
Milpa Alta,Mujeres,25-29 años,6646.0,44,1,337,1870,16,90,2267,0,136,1764,110,11,009
Milpa Alta,Mujeres,30-34 años,6113.0,66,6,401,1978,7,98,1958,0,128,1357,107,7,009
Milpa Alta,Mujeres,35-39 años,5819.0,84,8,611,2130,7,143,1616,0,115,973,119,13,009
Milpa Alta,Mujeres,40-44 años,5607.0,138,9,879,2189,7,140,1335,0,129,702,71,8,009
Milpa Alta,Mujeres,45-49 años,5377.0,141,6,936,2107,10,180,1196,2,133,593,67,6,009
Milpa Alta,Mujeres,50-54 años,5073.0,184,11,1184,1852,13,143,879,35,109,611,51,1,009
Milpa Alta,Mujeres,55-59 años,3743.0,177,11,1234,1195,14,118,478,55,49,374,38,0,009
Milpa Alta,Mujeres,60-64 años,2972.0,202,22,1302,692,21,100,267,35,35,269,27,0,009
Milpa Alta,Mujeres,65-69 años,2101.0,236,13,1055,410,12,49,127,17,17,149,14,2,009
Milpa Alta,Mujeres,70-74 años,1498.0,214,14,844,221,9,28,44,25,13,82,3,1,009
Milpa Alta,Mujeres,75-79 años,963.0,179,7,552,106,6,23,23,23,4,35,5,0,009
Milpa Alta,Mujeres,80-84 años,628.0,144,4,385,46,1,8,5,9,2,22,2,0,009
Milpa Alta,Mujeres,85 años y más,605.0,210,8,334,34,0,4,4,4,0,7,0,0,009
Tláhuac,Hombres,03-05 años,8301.0,3376,4857,0,0,0,0,0,0,0,0,0,68,011
Tláhuac,Hombres,06-09 años,11944.0,136,3066,8663,0,0,0,0,0,0,0,0,79,011
Tláhuac,Hombres,10-14 años,15892.0,56,146,9994,5628,5,0,0,0,0,0,0,63,011
Tláhuac,Hombres,15-19 años,16651.0,52,12,657,6613,13,119,8378,0,80,658,0,69,011
Tláhuac,Hombres,20-24 años,16963.0,76,10,694,3751,22,119,6902,0,270,5037,61,21,011
Tláhuac,Hombres,25-29 años,16493.0,82,7,869,3889,26,128,5602,0,239,5338,302,11,011
Tláhuac,Hombres,30-34 años,14712.0,100,9,965,4028,24,104,4767,0,239,4063,400,13,011
Tláhuac,Hombres,35-39 años,13710.0,140,12,1162,4081,22,159,4458,0,230,3105,329,12,011
Tláhuac,Hombres,40-44 años,13091.0,164,10,1413,4533,18,169,3835,0,244,2436,250,19,011
Tláhuac,Hombres,45-49 años,13097.0,155,16,1585,4614,22,224,3885,1,238,2129,218,10,011
Tláhuac,Hombres,50-54 años,12163.0,164,18,1781,4100,17,205,3433,22,245,1941,233,4,011
Tláhuac,Hombres,55-59 años,9630.0,170,13,1781,3011,17,152,2404,30,150,1708,190,4,011
Tláhuac,Hombres,60-64 años,7665.0,167,14,2077,2127,24,90,1578,21,89,1305,172,1,011
Tláhuac,Hombres,65-69 años,5390.0,193,23,2060,1375,26,70,720,14,49,771,86,3,011
Tláhuac,Hombres,70-74 años,3580.0,222,15,1741,791,19,43,311,20,25,346,43,4,011
Tláhuac,Hombres,75-79 años,2044.0,196,15,1168,343,5,18,114,15,10,145,15,0,011
Tláhuac,Hombres,80-84 años,1251.0,170,11,765,137,7,10,50,3,7,81,10,0,011
Tláhuac,Hombres,85 años y más,931.0,190,7,596,63,2,3,29,3,5,30,3,0,011
Tláhuac,Mujeres,03-05 años,7839.0,3147,4631,0,0,0,0,0,0,0,0,0,61,011
Tláhuac,Mujeres,06-09 años,11520.0,141,3000,8305,0,0,0,0,0,0,0,0,74,011
Tláhuac,Mujeres,10-14 años,15347.0,55,143,9528,5563,3,0,0,0,0,0,0,55,011
Tláhuac,Mujeres,15-19 años,15738.0,45,7,421,5737,19,151,8512,0,83,721,0,42,011
Tláhuac,Mujeres,20-24 años,16610.0,53,6,479,3452,21,155,6485,0,284,5551,98,26,011
Tláhuac,Mujeres,25-29 años,16937.0,74,7,656,3836,29,197,5727,0,324,5739,335,13,011
Tláhuac,Mujeres,30-34 años,15855.0,100,8,909,4131,26,268,4984,0,355,4568,487,19,011
Tláhuac,Mujeres,35-39 años,15095.0,139,10,1273,4522,35,408,4474,0,426,3418,377,13,011
Tláhuac,Mujeres,40-44 años,14731.0,179,7,1727,5013,35,558,3835,0,492,2561,308,16,011
Tláhuac,Mujeres,45-49 años,15203.0,198,15,2053,5272,65,821,3745,4,542,2199,273,16,011
Tláhuac,Mujeres,50-54 años,14075.0,265,17,2677,4643,71,845,2929,58,529,1850,187,4,011
Tláhuac,Mujeres,55-59 años,11167.0,285,15,3114,3330,86,683,1790,88,310,1321,142,3,011
Tláhuac,Mujeres,60-64 años,8928.0,375,26,3641,2118,101,443,988,63,186,903,82,2,011
Tláhuac,Mujeres,65-69 años,6121.0,466,34,3173,1110,90,321,389,30,115,357,33,3,011
Tláhuac,Mujeres,70-74 años,4344.0,522,29,2556,539,74,157,177,31,62,180,16,1,011
Tláhuac,Mujeres,75-79 años,2583.0,442,15,1620,199,45,73,62,22,29,71,5,0,011
Tláhuac,Mujeres,80-84 años,1766.0,388,24,1127,101,15,35,26,11,10,27,1,1,011
Tláhuac,Mujeres,85 años y más,1593.0,487,18,920,82,9,23,23,7,7,15,2,0,011
Tlalpan,Hombres,03-05 años,12383.0,4485,7803,0,0,0,0,0,0,0,0,0,95,012
Tlalpan,Hombres,06-09 años,18619.0,165,5071,13277,0,0,0,0,0,0,0,0,106,012
Tlalpan,Hombres,10-14 años,24951.0,82,393,15648,8726,4,0,0,0,0,0,0,98,012
Tlalpan,Hombres,15-19 años,27036.0,109,20,975,10724,25,152,13659,0,152,1127,0,93,012
Tlalpan,Hombres,20-24 años,29172.0,98,20,1085,5641,41,153,11446,0,417,10036,151,84,012
Tlalpan,Hombres,25-29 años,27809.0,141,23,1409,5943,20,158,7748,0,391,10825,1098,53,012
Tlalpan,Hombres,30-34 años,26296.0,178,31,1778,5846,26,176,6808,0,473,9107,1826,47,012
Tlalpan,Hombres,35-39 años,25098.0,232,23,2046,6236,33,197,6237,0,466,7788,1794,46,012
Tlalpan,Hombres,40-44 años,24075.0,275,26,2635,6349,38,208,5448,0,426,6681,1929,60,012
Tlalpan,Hombres,45-49 años,23780.0,267,36,2702,6338,55,340,5276,5,487,6474,1782,18,012
Tlalpan,Hombres,50-54 años,21103.0,285,36,2986,5288,38,270,4369,19,406,5681,1711,14,012
Tlalpan,Hombres,55-59 años,17380.0,310,35,2937,3959,43,199,3274,19,304,4940,1343,17,012
Tlalpan,Hombres,60-64 años,15529.0,371,44,3314,2814,30,160,2424,17,191,4718,1437,9,012
Tlalpan,Hombres,65-69 años,12005.0,351,36,3197,1955,47,145,1361,17,157,3660,1073,6,012
Tlalpan,Hombres,70-74 años,8630.0,418,38,2651,1235,52,103,777,17,116,2414,805,4,012
Tlalpan,Hombres,75-79 años,5532.0,401,41,1901,643,20,64,415,10,74,1460,499,4,012
Tlalpan,Hombres,80-84 años,3249.0,310,20,1184,345,20,52,208,11,41,834,221,3,012
Tlalpan,Hombres,85 años y más,2388.0,316,16,934,261,7,34,158,10,26,503,123,0,012
Tlalpan,Mujeres,03-05 años,12208.0,4356,7760,0,0,0,0,0,0,0,0,0,92,012
Tlalpan,Mujeres,06-09 años,18038.0,153,4895,12891,0,0,0,0,0,0,0,0,99,012
Tlalpan,Mujeres,10-14 años,24092.0,78,412,14685,8821,6,0,0,0,0,0,0,90,012
Tlalpan,Mujeres,15-19 años,25919.0,74,13,638,9392,29,176,13865,0,182,1454,0,96,012
Tlalpan,Mujeres,20-24 años,28401.0,78,14,805,5060,43,195,9878,0,564,11508,192,64,012
Tlalpan,Mujeres,25-29 años,28601.0,144,16,1085,5733,39,252,7844,0,598,11589,1271,30,012
Tlalpan,Mujeres,30-34 años,28154.0,189,20,1552,5894,42,382,7090,0,727,10132,2075,51,012
Tlalpan,Mujeres,35-39 años,27732.0,257,28,2273,6182,54,548,6448,0,878,8833,2180,51,012
Tlalpan,Mujeres,40-44 años,27131.0,302,31,2942,6572,68,787,5626,0,930,7846,1984,43,012
Tlalpan,Mujeres,45-49 años,27295.0,370,45,3479,6692,82,1138,5293,12,1131,7249,1767,37,012
Tlalpan,Mujeres,50-54 años,25187.0,512,49,4149,5816,107,1246,4336,62,1022,6331,1538,19,012
Tlalpan,Mujeres,55-59 años,21182.0,639,66,4567,4306,147,1126,3062,99,854,5032,1268,16,012
Tlalpan,Mujeres,60-64 años,19309.0,770,67,5595,3096,226,1188,2277,82,715,4222,1058,13,012
Tlalpan,Mujeres,65-69 años,14965.0,839,83,5010,2087,292,1132,1428,85,604,2657,740,8,012
Tlalpan,Mujeres,70-74 años,11129.0,958,71,3965,1215,340,901,802,98,435,1872,466,6,012
Tlalpan,Mujeres,75-79 años,7038.0,801,61,2599,674,294,594,464,73,252,998,225,3,012
Tlalpan,Mujeres,80-84 años,4809.0,682,40,1957,483,163,372,232,43,150,572,111,4,012
Tlalpan,Mujeres,85 años y más,4311.0,901,47,1838,407,131,245,233,39,100,323,44,3,012
Venustiano Carranza,Hombres,03-05 años,8053.0,2584,5377,0,0,0,0,0,0,0,0,0,92,017
Venustiano Carranza,Hombres,06-09 años,10743.0,98,2583,7982,0,0,0,0,0,0,0,0,80,017
Venustiano Carranza,Hombres,10-14 años,14407.0,40,189,8774,5298,2,0,0,0,0,0,0,104,017
Venustiano Carranza,Hombres,15-19 años,15235.0,41,14,458,5341,15,43,8300,0,79,866,0,78,017
Venustiano Carranza,Hombres,20-24 años,16603.0,57,12,451,2902,21,60,6738,0,228,5969,120,45,017
Venustiano Carranza,Hombres,25-29 años,17227.0,69,4,519,3046,32,78,5508,0,245,7131,560,35,017
Venustiano Carranza,Hombres,30-34 años,16711.0,97,7,621,3271,27,85,5090,0,271,6359,842,41,017
Venustiano Carranza,Hombres,35-39 años,15692.0,87,11,746,3321,32,102,4736,0,299,5492,826,40,017
Venustiano Carranza,Hombres,40-44 años,14622.0,94,12,921,3436,17,136,4367,0,279,4542,779,39,017
Venustiano Carranza,Hombres,45-49 años,14816.0,108,8,1068,3842,34,167,4405,5,323,4159,661,36,017
Venustiano Carranza,Hombres,50-54 años,13966.0,124,18,1389,3625,34,169,4017,21,324,3712,520,13,017
Venustiano Carranza,Hombres,55-59 años,12307.0,109,10,1556,3016,34,180,3285,27,243,3337,491,19,017
Venustiano Carranza,Hombres,60-64 años,10937.0,119,15,1984,2347,38,148,2378,28,171,3205,483,21,017
Venustiano Carranza,Hombres,65-69 años,7985.0,114,13,2064,1692,45,122,1372,12,110,2159,276,6,017
Venustiano Carranza,Hombres,70-74 años,5765.0,106,17,1956,1238,60,120,787,13,80,1232,149,7,017
Venustiano Carranza,Hombres,75-79 años,3738.0,127,15,1546,724,33,62,426,10,58,666,69,2,017
Venustiano Carranza,Hombres,80-84 años,2488.0,105,16,1169,445,17,46,193,7,42,405,39,4,017
Venustiano Carranza,Hombres,85 años y más,2104.0,136,14,1161,290,16,26,140,14,18,258,31,0,017
Venustiano Carranza,Mujeres,03-05 años,7944.0,2597,5216,0,0,0,0,0,0,0,0,0,131,017
Venustiano Carranza,Mujeres,06-09 años,10418.0,101,2503,7717,0,0,0,0,0,0,0,0,97,017
Venustiano Carranza,Mujeres,10-14 años,13767.0,36,188,8226,5232,2,0,0,0,0,0,0,83,017
Venustiano Carranza,Mujeres,15-19 años,14875.0,23,12,325,4822,25,52,8498,0,76,969,0,73,017
Venustiano Carranza,Mujeres,20-24 años,16380.0,38,8,408,2465,20,72,6217,0,261,6710,135,46,017
Venustiano Carranza,Mujeres,25-29 años,17693.0,45,8,483,2953,29,85,5453,0,312,7692,610,23,017
Venustiano Carranza,Mujeres,30-34 años,17730.0,69,7,607,3142,32,187,5069,0,428,7183,961,45,017
Venustiano Carranza,Mujeres,35-39 años,17029.0,97,10,809,3403,42,276,4808,0,525,6100,928,31,017
Venustiano Carranza,Mujeres,40-44 años,16594.0,102,10,1176,3785,55,482,4393,0,627,5133,792,39,017
Venustiano Carranza,Mujeres,45-49 años,17030.0,150,12,1393,4363,110,773,4398,11,786,4358,655,21,017
Venustiano Carranza,Mujeres,50-54 años,16838.0,155,20,2097,4333,109,1152,3826,49,875,3693,523,6,017
Venustiano Carranza,Mujeres,55-59 años,14896.0,203,19,2709,3575,190,1056,2798,87,725,3077,443,14,017
Venustiano Carranza,Mujeres,60-64 años,13793.0,257,21,3773,2838,312,1116,1962,93,499,2596,319,7,017
Venustiano Carranza,Mujeres,65-69 años,10332.0,329,24,3616,1924,408,931,1068,63,361,1434,169,5,017
Venustiano Carranza,Mujeres,70-74 años,8072.0,343,47,3583,1235,369,684,596,59,225,846,83,2,017
Venustiano Carranza,Mujeres,75-79 años,5465.0,376,26,2672,677,264,442,303,47,149,448,58,3,017
Venustiano Carranza,Mujeres,80-84 años,4184.0,374,23,2229,499,190,257,178,21,93,291,24,5,017
Venustiano Carranza,Mujeres,85 años y más,4101.0,536,32,2383,368,128,220,123,24,72,188,23,4,017
Xochimilco,Hombres,03-05 años,8611.0,3385,5180,0,0,0,0,0,0,0,0,0,46,013
Xochimilco,Hombres,06-09 años,12678.0,154,3257,9197,0,0,0,0,0,0,0,0,70,013
Xochimilco,Hombres,10-14 años,17025.0,80,263,10478,6142,1,0,0,0,0,0,0,61,013
Xochimilco,Hombres,15-19 años,17733.0,55,11,818,7270,30,130,8602,0,105,635,0,77,013
Xochimilco,Hombres,20-24 años,18639.0,104,10,963,4453,32,139,7117,0,302,5419,68,32,013
Xochimilco,Hombres,25-29 años,18611.0,143,20,1288,4799,33,127,5681,0,273,5829,400,18,013
Xochimilco,Hombres,30-34 años,16996.0,209,16,1459,4702,25,139,4889,0,287,4731,522,17,013
Xochimilco,Hombres,35-39 años,16200.0,257,18,1868,4808,22,160,4362,0,286,3867,533,19,013
Xochimilco,Hombres,40-44 años,15197.0,286,21,2025,4688,18,170,3778,0,261,3357,575,18,013
Xochimilco,Hombres,45-49 años,14723.0,240,23,2086,4404,28,198,3711,3,292,3082,638,18,013
Xochimilco,Hombres,50-54 años,13621.0,318,26,2080,3848,18,175,3265,46,249,3015,577,4,013
Xochimilco,Hombres,55-59 años,11090.0,264,14,2068,2902,22,139,2296,86,164,2672,459,4,013
Xochimilco,Hombres,60-64 años,9360.0,259,28,2218,2075,16,108,1532,91,118,2432,478,5,013
Xochimilco,Hombres,65-69 años,6846.0,266,27,1982,1466,20,106,869,71,82,1660,294,3,013
Xochimilco,Hombres,70-74 años,4882.0,266,19,1696,964,17,78,473,65,68,1049,185,2,013
Xochimilco,Hombres,75-79 años,3048.0,209,19,1212,496,23,57,244,50,29,590,118,1,013
Xochimilco,Hombres,80-84 años,1729.0,154,8,814,212,8,19,94,38,11,315,56,0,013
Xochimilco,Hombres,85 años y más,1407.0,216,10,712,139,8,21,69,31,6,164,29,2,013
Xochimilco,Mujeres,03-05 años,8408.0,3279,5070,0,0,0,0,0,0,0,0,0,59,013
Xochimilco,Mujeres,06-09 años,12329.0,119,3209,8921,0,0,0,0,0,0,0,0,80,013
Xochimilco,Mujeres,10-14 años,16249.0,58,251,9850,6024,5,0,0,0,0,0,0,61,013
Xochimilco,Mujeres,15-19 años,17223.0,43,9,547,6409,27,176,8995,0,138,770,0,109,013
Xochimilco,Mujeres,20-24 años,18340.0,72,10,631,3868,24,165,6797,0,411,6224,96,42,013
Xochimilco,Mujeres,25-29 años,17952.0,98,10,895,4237,28,236,5480,0,375,6115,461,17,013
Xochimilco,Mujeres,30-34 años,17296.0,149,16,1235,4285,40,315,4880,0,455,5214,670,37,013
Xochimilco,Mujeres,35-39 años,17080.0,230,26,1790,4588,39,420,4353,0,501,4412,693,28,013
Xochimilco,Mujeres,40-44 años,16589.0,287,25,2169,4709,53,546,3795,0,530,3783,661,31,013
Xochimilco,Mujeres,45-49 años,16376.0,311,26,2443,4503,64,712,3518,9,643,3535,591,21,013
Xochimilco,Mujeres,50-54 años,15514.0,420,32,2753,4126,76,753,2870,169,591,3174,542,8,013
Xochimilco,Mujeres,55-59 años,12753.0,475,35,3087,2938,84,647,1913,247,370,2540,411,6,013
Xochimilco,Mujeres,60-64 años,10934.0,537,38,3457,2131,130,600,1167,233,331,1932,375,3,013
Xochimilco,Mujeres,65-69 años,8099.0,588,45,3013,1352,168,550,637,166,211,1160,201,8,013
Xochimilco,Mujeres,70-74 años,5993.0,552,30,2478,878,119,403,363,149,152,745,122,2,013
Xochimilco,Mujeres,75-79 años,3746.0,458,27,1742,402,95,208,156,109,87,400,60,2,013
Xochimilco,Mujeres,80-84 años,2506.0,389,21,1309,249,46,94,78,72,41,185,20,2,013
Xochimilco,Mujeres,85 años y más,2437.0,565,24,1228,182,43,83,94,48,29,129,11,1,013
