<metadata xml:lang="es"><Esri><CreaDate>20211028</CreaDate><CreaTime>16441100</CreaTime><ArcGISFormat>1.0</ArcGISFormat><ArcGISstyle>FGDC CSDGM Metadata</ArcGISstyle><SyncOnce>FALSE</SyncOnce><DataProperties><itemProps><itemName Sync="TRUE">ri_6</itemName><imsContentType Sync="TRUE" export="False">002</imsContentType><nativeExtBox><westBL Sync="TRUE">463188.390800</westBL><eastBL Sync="TRUE">505712.793400</eastBL><southBL Sync="TRUE">2114934.970900</southBL><northBL Sync="TRUE">2166534.967800</northBL><exTypeCode Sync="TRUE">1</exTypeCode></nativeExtBox><itemSize Sync="TRUE">2.003</itemSize><itemLocation><linkage Sync="TRUE">file://\\DESKTOP-EGCJ75L\E$\IPDP\Capas CentroGeo- Ultimas\IPDP Capas con Metadatos\03\Vivienda\Porcentaje de viviendas con agua, luz, alumbrado, equipamiento básico, generación de residuos\ri_6.shp</linkage><protocol Sync="TRUE">Local Area Network</protocol></itemLocation></itemProps><coordRef><type Sync="TRUE">Projected</type><geogcsn Sync="TRUE">GCS_WGS_1984</geogcsn><csUnits Sync="TRUE">Linear Unit: Meter (1.000000)</csUnits><projcsn Sync="TRUE">WGS_1984_UTM_Zone_14N</projcsn><peXml Sync="TRUE">&lt;ProjectedCoordinateSystem xsi:type='typens:ProjectedCoordinateSystem' xmlns:xsi='http://www.w3.org/2001/XMLSchema-instance' xmlns:xs='http://www.w3.org/2001/XMLSchema' xmlns:typens='http://www.esri.com/schemas/ArcGIS/10.5'&gt;&lt;WKT&gt;PROJCS[&amp;quot;WGS_1984_UTM_Zone_14N&amp;quot;,GEOGCS[&amp;quot;GCS_WGS_1984&amp;quot;,DATUM[&amp;quot;D_WGS_1984&amp;quot;,SPHEROID[&amp;quot;WGS_1984&amp;quot;,6378137.0,298.257223563]],PRIMEM[&amp;quot;Greenwich&amp;quot;,0.0],UNIT[&amp;quot;Degree&amp;quot;,0.0174532925199433]],PROJECTION[&amp;quot;Transverse_Mercator&amp;quot;],PARAMETER[&amp;quot;False_Easting&amp;quot;,500000.0],PARAMETER[&amp;quot;False_Northing&amp;quot;,0.0],PARAMETER[&amp;quot;Central_Meridian&amp;quot;,-99.0],PARAMETER[&amp;quot;Scale_Factor&amp;quot;,0.9996],PARAMETER[&amp;quot;Latitude_Of_Origin&amp;quot;,0.0],UNIT[&amp;quot;Meter&amp;quot;,1.0],AUTHORITY[&amp;quot;EPSG&amp;quot;,32614]]&lt;/WKT&gt;&lt;XOrigin&gt;-5120900&lt;/XOrigin&gt;&lt;YOrigin&gt;-9998100&lt;/YOrigin&gt;&lt;XYScale&gt;450445547.3910538&lt;/XYScale&gt;&lt;ZOrigin&gt;-100000&lt;/ZOrigin&gt;&lt;ZScale&gt;10000&lt;/ZScale&gt;&lt;MOrigin&gt;-100000&lt;/MOrigin&gt;&lt;MScale&gt;10000&lt;/MScale&gt;&lt;XYTolerance&gt;0.001&lt;/XYTolerance&gt;&lt;ZTolerance&gt;0.001&lt;/ZTolerance&gt;&lt;MTolerance&gt;0.001&lt;/MTolerance&gt;&lt;HighPrecision&gt;true&lt;/HighPrecision&gt;&lt;WKID&gt;32614&lt;/WKID&gt;&lt;LatestWKID&gt;32614&lt;/LatestWKID&gt;&lt;/ProjectedCoordinateSystem&gt;</peXml></coordRef><lineage><Process ToolSource="c:\program files (x86)\arcgis\desktop10.5\ArcToolbox\Toolboxes\Data Management Tools.tbx\CalculateField" Date="20220118" Time="120728">CalculateField ri_6 ID [FID]+1 VB #</Process></lineage></DataProperties><SyncDate>20220121</SyncDate><SyncTime>14394400</SyncTime><ModDate>20220121</ModDate><ModTime>14394400</ModTime><scaleRange><minScale>150000000</minScale><maxScale>5000</maxScale></scaleRange><ArcGISProfile>FGDC</ArcGISProfile></Esri><dataIdInfo><envirDesc Sync="TRUE"> Version 6.2 (Build 9200) ; Esri ArcGIS 10.5.0.6491</envirDesc><dataLang><languageCode value="spa" Sync="TRUE"/><countryCode value="MEX" Sync="TRUE"/></dataLang><idCitation xmlns=""><resTitle Sync="FALSE">Porcentaje de viviendas con servicios básicos y número de elementos de equipamiento de primer nivel</resTitle><presForm xmlns=""><PresFormCd value="005" Sync="TRUE"/><fgdcGeoform>vector digital data</fgdcGeoform></presForm><date><createDate>2021-02-10T00:00:00</createDate><pubDate>2021-02-10T00:00:00</pubDate></date><citRespParty xmlns=""><rpIndName>Centro de Investigación en Ciencias de Información Geoespacial (CentroGeo)</rpIndName><rpOrgName>CONACYT</rpOrgName><role><RoleCd value="006"/></role><rpCntInfo xmlns=""><cntAddress addressType="physical"><delPoint>Contoy 137, Lomas de Padierna, Tlalpan</delPoint><city>México</city><adminArea>Ciudad de México</adminArea><postCode>14240</postCode><country>MX</country></cntAddress><cntPhone><voiceNum tddtty="">55 2615 2508</voiceNum></cntPhone></rpCntInfo></citRespParty><citRespParty xmlns=""><rpIndName>Instituto de Planeación Democrática y Prospectiva (IPDP)</rpIndName><role><RoleCd value="010"/></role><rpCntInfo xmlns=""><cntAddress addressType="physical"><delPoint>San Lorenzo 712, 1er piso Col. Del Valle, Benito Juárez</delPoint><city>México</city><adminArea>Ciudad de México</adminArea><postCode>03100</postCode><country>MX</country></cntAddress><cntPhone><voiceNum tddtty="">5551302100 ext 2339</voiceNum></cntPhone></rpCntInfo></citRespParty></idCitation><spatRpType><SpatRepTypCd value="001" Sync="TRUE"/></spatRpType><dataExt xmlns=""><geoEle xmlns=""><GeoBndBox esriExtentType="search"><exTypeCode Sync="TRUE">1</exTypeCode><westBL Sync="TRUE">-99.351016</westBL><eastBL Sync="TRUE">-98.945525</eastBL><northBL Sync="TRUE">19.593825</northBL><southBL Sync="TRUE">19.127165</southBL></GeoBndBox></geoEle><exDesc>Colonias de la Ciudad de México</exDesc></dataExt><idPurp>Porcentaje de viviendas con servicios básicos y número de elementos de equipamiento de primer nivel y generación de residuos por colonia
</idPurp><idAbs>&lt;DIV STYLE="text-align:Left;"&gt;&lt;DIV&gt;&lt;DIV&gt;&lt;P&gt;&lt;SPAN&gt;Porcentaje de viviendas con agua, energía eléctrica, alumbrado y número de elementos de equipamiento de primer nivel y generación de residuos. Porcentajes y valores agregados por colonia.&lt;/SPAN&gt;&lt;/P&gt;&lt;P&gt;&lt;SPAN /&gt;&lt;/P&gt;&lt;/DIV&gt;&lt;/DIV&gt;&lt;/DIV&gt;</idAbs><idCredit>Insumo para el desarrollo de instrumentos de planeación en colaboración del Gobierno de la Ciudad de México y Centro Geo, 2020-2021</idCredit><themeKeys xmlns=""><keyword>Vivienda; Infraestructura física</keyword></themeKeys><dataChar><CharSetCd value="004"/></dataChar><idStatus><ProgCd value="001"/></idStatus><resMaint xmlns=""><maintFreq><MaintFreqCd value="009"/></maintFreq></resMaint><idPoC xmlns=""><rpIndName>Dirección de Información Estadística y Geográfica</rpIndName><role><RoleCd value="007"/></role><rpCntInfo xmlns=""><cntAddress addressType="physical"><delPoint>San Lorenzo 712, 1er piso Col. Del Valle, Benito Juárez</delPoint><city>México</city><adminArea>Ciudad de México</adminArea><postCode>03100</postCode><country>MX</country></cntAddress><cntPhone><voiceNum tddtty="">5551302100 ext 2339</voiceNum></cntPhone></rpCntInfo><displayName>Instituto de Planeación Democrática y Prospectiva (IPDP)</displayName><rpOrgName>Instituto de Planeación Democrática y Prospectiva (IPDP)</rpOrgName></idPoC></dataIdInfo><mdLang><languageCode value="spa" Sync="TRUE"/><countryCode value="MEX" Sync="TRUE"/></mdLang><mdChar><CharSetCd value="004" Sync="TRUE"/></mdChar><distInfo><distFormat><formatName Sync="TRUE">Shapefile</formatName></distFormat><distTranOps><transSize Sync="TRUE">2.003</transSize></distTranOps></distInfo><mdHrLv><ScopeCd value="005" Sync="TRUE"/></mdHrLv><mdHrLvName Sync="TRUE">dataset</mdHrLvName><refSysInfo><RefSystem><refSysID><identCode code="32614" Sync="TRUE"/><idCodeSpace Sync="TRUE">EPSG</idCodeSpace><idVersion Sync="TRUE">2.1(3.0.1)</idVersion></refSysID></RefSystem></refSysInfo><spatRepInfo><VectSpatRep><geometObjs Name="ri_6"><geoObjTyp><GeoObjTypCd value="002" Sync="TRUE"></GeoObjTypCd></geoObjTyp><geoObjCnt Sync="TRUE">1814</geoObjCnt></geometObjs><topLvl><TopoLevCd value="001" Sync="TRUE"></TopoLevCd></topLvl></VectSpatRep></spatRepInfo><spdoinfo><ptvctinf><esriterm Name="ri_6"><efeatyp Sync="TRUE">Simple</efeatyp><efeageom code="4" Sync="TRUE"></efeageom><esritopo Sync="TRUE">FALSE</esritopo><efeacnt Sync="TRUE">1814</efeacnt><spindex Sync="TRUE">FALSE</spindex><linrefer Sync="TRUE">FALSE</linrefer></esriterm></ptvctinf></spdoinfo><eainfo><detailed Name="ri_6" xmlns=""><enttyp><enttypl Sync="TRUE">ri_6</enttypl><enttypt Sync="FALSE">Polígono</enttypt><enttypc Sync="TRUE">1814</enttypc></enttyp><attr xmlns=""><attrlabl Sync="TRUE">FID</attrlabl><attalias Sync="TRUE">FID</attalias><attrtype Sync="TRUE">OID</attrtype><attwidth Sync="TRUE">4</attwidth><atprecis Sync="TRUE">0</atprecis><attscale Sync="TRUE">0</attscale><attrdef Sync="TRUE">Internal feature number.</attrdef><attrdefs Sync="TRUE">Esri</attrdefs><attrdomv><udom Sync="TRUE">Sequential unique whole numbers that are automatically generated.</udom></attrdomv></attr><attr xmlns=""><attrlabl Sync="TRUE">Shape</attrlabl><attalias Sync="TRUE">Shape</attalias><attrtype Sync="TRUE">Geometry</attrtype><attwidth Sync="TRUE">0</attwidth><atprecis Sync="TRUE">0</atprecis><attscale Sync="TRUE">0</attscale><attrdef Sync="TRUE">Feature geometry.</attrdef><attrdefs Sync="TRUE">Esri</attrdefs><attrdomv><udom Sync="TRUE">Coordinates defining the features.</udom></attrdomv></attr><attr xmlns=""><attrlabl Sync="TRUE">cve_ent</attrlabl><attalias Sync="TRUE">cve_ent</attalias><attrtype Sync="TRUE">String</attrtype><attwidth Sync="TRUE">2</attwidth><atprecis Sync="TRUE">0</atprecis><attscale Sync="TRUE">0</attscale></attr><attr xmlns=""><attrlabl Sync="TRUE">alcaldia</attrlabl><attalias Sync="TRUE">alcaldia</attalias><attrtype Sync="TRUE">String</attrtype><attwidth Sync="TRUE">100</attwidth><atprecis Sync="TRUE">0</atprecis><attscale Sync="TRUE">0</attscale></attr><attr xmlns=""><attrlabl Sync="TRUE">cve_col</attrlabl><attalias Sync="TRUE">cve_col</attalias><attrtype Sync="TRUE">String</attrtype><attwidth Sync="TRUE">10</attwidth><atprecis Sync="TRUE">0</atprecis><attscale Sync="TRUE">0</attscale></attr><attr xmlns=""><attrlabl Sync="TRUE">colonia</attrlabl><attalias Sync="TRUE">colonia</attalias><attrtype Sync="TRUE">String</attrtype><attwidth Sync="TRUE">254</attwidth><atprecis Sync="TRUE">0</atprecis><attscale Sync="TRUE">0</attscale></attr><attr xmlns=""><attrlabl Sync="TRUE">BA1_NoEqSa</attrlabl><attalias Sync="TRUE">BA1_NoEqSa</attalias><attrtype Sync="TRUE">Integer</attrtype><attwidth Sync="TRUE">10</attwidth><atprecis Sync="TRUE">10</atprecis><attscale Sync="TRUE">0</attscale></attr><attr xmlns=""><attrlabl Sync="TRUE">BA1_C_NoEq</attrlabl><attalias Sync="TRUE">BA1_C_NoEq</attalias><attrtype Sync="TRUE">Integer</attrtype><attwidth Sync="TRUE">10</attwidth><atprecis Sync="TRUE">10</atprecis><attscale Sync="TRUE">0</attscale></attr><attr xmlns=""><attrlabl Sync="TRUE">BA8_NoMerc</attrlabl><attalias Sync="TRUE">BA8_NoMerc</attalias><attrtype Sync="TRUE">Integer</attrtype><attwidth Sync="TRUE">10</attwidth><atprecis Sync="TRUE">10</atprecis><attscale Sync="TRUE">0</attscale></attr><attr xmlns=""><attrlabl Sync="TRUE">BA8_NoLoca</attrlabl><attalias Sync="TRUE">BA8_NoLoca</attalias><attrtype Sync="TRUE">Integer</attrtype><attwidth Sync="TRUE">10</attwidth><atprecis Sync="TRUE">10</atprecis><attscale Sync="TRUE">0</attscale></attr><attr xmlns=""><attrlabl Sync="TRUE">BA8_Ci_NoM</attrlabl><attalias Sync="TRUE">BA8_Ci_NoM</attalias><attrtype Sync="TRUE">Integer</attrtype><attwidth Sync="TRUE">10</attwidth><atprecis Sync="TRUE">10</atprecis><attscale Sync="TRUE">0</attscale></attr><attr xmlns=""><attrlabl Sync="TRUE">BA8_Ci_Loc</attrlabl><attalias Sync="TRUE">BA8_Ci_Loc</attalias><attrtype Sync="TRUE">Integer</attrtype><attwidth Sync="TRUE">10</attwidth><atprecis Sync="TRUE">10</atprecis><attscale Sync="TRUE">0</attscale></attr><attr xmlns=""><attrlabl Sync="TRUE">BA8_S_Merc</attrlabl><attalias Sync="TRUE">BA8_S_Merc</attalias><attrtype Sync="TRUE">Integer</attrtype><attwidth Sync="TRUE">10</attwidth><atprecis Sync="TRUE">10</atprecis><attscale Sync="TRUE">0</attscale></attr><attr xmlns=""><attrlabl Sync="TRUE">BA8_C_Merc</attrlabl><attalias Sync="TRUE">BA8_C_Merc</attalias><attrtype Sync="TRUE">Integer</attrtype><attwidth Sync="TRUE">10</attwidth><atprecis Sync="TRUE">10</atprecis><attscale Sync="TRUE">0</attscale></attr><attr xmlns=""><attrlabl Sync="TRUE">BA9_No_Gua</attrlabl><attalias Sync="TRUE">BA9_No_Gua</attalias><attrtype Sync="TRUE">Integer</attrtype><attwidth Sync="TRUE">10</attwidth><atprecis Sync="TRUE">10</atprecis><attscale Sync="TRUE">0</attscale></attr><attr xmlns=""><attrlabl Sync="TRUE">BA9_C_No_G</attrlabl><attalias Sync="TRUE">BA9_C_No_G</attalias><attrtype Sync="TRUE">Integer</attrtype><attwidth Sync="TRUE">10</attwidth><atprecis Sync="TRUE">10</atprecis><attscale Sync="TRUE">0</attscale></attr><attr xmlns=""><attrlabl Sync="TRUE">BA3_NoEqEd</attrlabl><attalias Sync="TRUE">BA3_NoEqEd</attalias><attrtype Sync="TRUE">Integer</attrtype><attwidth Sync="TRUE">10</attwidth><atprecis Sync="TRUE">10</atprecis><attscale Sync="TRUE">0</attscale></attr><attr xmlns=""><attrlabl Sync="TRUE">BA3_DisEqB</attrlabl><attalias Sync="TRUE">BA3_DisEqB</attalias><attrtype Sync="TRUE">Double</attrtype><attwidth Sync="TRUE">19</attwidth><atprecis Sync="TRUE">0</atprecis><attscale Sync="TRUE">0</attscale></attr><attr xmlns=""><attrlabl Sync="TRUE">BA3_Ci_EqE</attrlabl><attalias Sync="TRUE">BA3_Ci_EqE</attalias><attrtype Sync="TRUE">Integer</attrtype><attwidth Sync="TRUE">10</attwidth><atprecis Sync="TRUE">10</atprecis><attscale Sync="TRUE">0</attscale></attr><attr xmlns=""><attrlabl Sync="TRUE">BA3_Ci_Dis</attrlabl><attalias Sync="TRUE">BA3_Ci_Dis</attalias><attrtype Sync="TRUE">Integer</attrtype><attwidth Sync="TRUE">10</attwidth><atprecis Sync="TRUE">10</atprecis><attscale Sync="TRUE">0</attscale></attr><attr xmlns=""><attrlabl Sync="TRUE">BA3_S_EqEd</attrlabl><attalias Sync="TRUE">BA3_S_EqEd</attalias><attrtype Sync="TRUE">Integer</attrtype><attwidth Sync="TRUE">10</attwidth><atprecis Sync="TRUE">10</atprecis><attscale Sync="TRUE">0</attscale></attr><attr xmlns=""><attrlabl Sync="TRUE">BA3_C_EqEd</attrlabl><attalias Sync="TRUE">BA3_C_EqEd</attalias><attrtype Sync="TRUE">Integer</attrtype><attwidth Sync="TRUE">10</attwidth><atprecis Sync="TRUE">10</atprecis><attscale Sync="TRUE">0</attscale></attr><attr xmlns=""><attrlabl Sync="TRUE">P_PorcElec</attrlabl><attalias Sync="TRUE">P_PorcElec</attalias><attrtype Sync="TRUE">Double</attrtype><attwidth Sync="TRUE">19</attwidth><atprecis Sync="TRUE">0</atprecis><attscale Sync="TRUE">0</attscale></attr><attr xmlns=""><attrlabl Sync="TRUE">r_ValElect</attrlabl><attalias Sync="TRUE">r_ValElect</attalias><attrtype Sync="TRUE">Integer</attrtype><attwidth Sync="TRUE">10</attwidth><atprecis Sync="TRUE">10</atprecis><attscale Sync="TRUE">0</attscale></attr><attr xmlns=""><attrlabl Sync="TRUE">P_AguaPot</attrlabl><attalias Sync="TRUE">P_AguaPot</attalias><attrtype Sync="TRUE">Double</attrtype><attwidth Sync="TRUE">19</attwidth><atprecis Sync="TRUE">0</atprecis><attscale Sync="TRUE">0</attscale></attr><attr xmlns=""><attrlabl Sync="TRUE">r_Val_Dren</attrlabl><attalias Sync="TRUE">r_Val_Dren</attalias><attrtype Sync="TRUE">Integer</attrtype><attwidth Sync="TRUE">10</attwidth><atprecis Sync="TRUE">10</atprecis><attscale Sync="TRUE">0</attscale></attr><attr xmlns=""><attrlabl Sync="TRUE">EPr_POB</attrlabl><attalias Sync="TRUE">EPr_POB</attalias><attrtype Sync="TRUE">Double</attrtype><attwidth Sync="TRUE">19</attwidth><atprecis Sync="TRUE">0</atprecis><attscale Sync="TRUE">0</attscale></attr><attr xmlns=""><attrlabl Sync="TRUE">r_EPr_POB</attrlabl><attalias Sync="TRUE">r_EPr_POB</attalias><attrtype Sync="TRUE">Integer</attrtype><attwidth Sync="TRUE">10</attwidth><atprecis Sync="TRUE">10</atprecis><attscale Sync="TRUE">0</attscale></attr><attr xmlns=""><attrlabl Sync="TRUE">resid_ton</attrlabl><attalias Sync="TRUE">resid_ton</attalias><attrtype Sync="TRUE">Double</attrtype><attwidth Sync="TRUE">19</attwidth><atprecis Sync="TRUE">0</atprecis><attscale Sync="TRUE">0</attscale></attr><attr xmlns=""><attrlabl Sync="TRUE">r_resd_ton</attrlabl><attalias Sync="TRUE">r_resd_ton</attalias><attrtype Sync="TRUE">Integer</attrtype><attwidth Sync="TRUE">10</attwidth><atprecis Sync="TRUE">10</atprecis><attscale Sync="TRUE">0</attscale></attr><attr xmlns=""><attrlabl Sync="TRUE">AlumP_sum</attrlabl><attalias Sync="TRUE">AlumP_sum</attalias><attrtype Sync="TRUE">Double</attrtype><attwidth Sync="TRUE">19</attwidth><atprecis Sync="TRUE">0</atprecis><attscale Sync="TRUE">0</attscale></attr><attr xmlns=""><attrlabl Sync="TRUE">ALUMP_mean</attrlabl><attalias Sync="TRUE">ALUMP_mean</attalias><attrtype Sync="TRUE">Double</attrtype><attwidth Sync="TRUE">19</attwidth><atprecis Sync="TRUE">0</atprecis><attscale Sync="TRUE">0</attscale></attr><attr xmlns=""><attrlabl Sync="TRUE">r_AlumP_Su</attrlabl><attalias Sync="TRUE">r_AlumP_Su</attalias><attrtype Sync="TRUE">Integer</attrtype><attwidth Sync="TRUE">10</attwidth><atprecis Sync="TRUE">10</atprecis><attscale Sync="TRUE">0</attscale></attr><attr xmlns=""><attrlabl Sync="TRUE">r_AlumP_Mn</attrlabl><attalias Sync="TRUE">r_AlumP_Mn</attalias><attrtype Sync="TRUE">Integer</attrtype><attwidth Sync="TRUE">10</attwidth><atprecis Sync="TRUE">10</atprecis><attscale Sync="TRUE">0</attscale></attr><attr xmlns=""><attrlabl Sync="TRUE">S_RI_6</attrlabl><attalias Sync="TRUE">S_RI_6</attalias><attrtype Sync="TRUE">Integer</attrtype><attwidth Sync="TRUE">10</attwidth><atprecis Sync="TRUE">10</atprecis><attscale Sync="TRUE">0</attscale></attr><attr xmlns=""><attrlabl Sync="TRUE">C_RI_6</attrlabl><attalias Sync="TRUE">C_RI_6</attalias><attrtype Sync="TRUE">Integer</attrtype><attwidth Sync="TRUE">10</attwidth><atprecis Sync="TRUE">10</atprecis><attscale Sync="TRUE">0</attscale></attr><attr><attrlabl Sync="TRUE">ID</attrlabl><attalias Sync="TRUE">ID</attalias><attrtype Sync="TRUE">Integer</attrtype><attwidth Sync="TRUE">5</attwidth><atprecis Sync="TRUE">5</atprecis><attscale Sync="TRUE">0</attscale></attr></detailed></eainfo><mdDateSt Sync="TRUE">20220121</mdDateSt><mdFileID>94664978-1333-4D92-BF66-296C159C6CA3</mdFileID><mdMaint xmlns=""><maintFreq><MaintFreqCd value="009"/></maintFreq></mdMaint><dqInfo xmlns=""><dqScope><scpLvl><ScopeCd value="005"/></scpLvl></dqScope><dataLineage><statement>Trabajo de gabinete
Cálculo de porcentaje de viviendas con agua, energía eléctrica, alumbrado y número de elementos de equipamiento de primer nivel y generación de residuos por colonia
</statement><dataSource xmlns="" type=""><srcDesc>INEGI (2010) Censo de Población y Vivienda. INEGI. México

Disponible en: https://www.inegi.org.mx/programas/ccpv/2010/</srcDesc></dataSource></dataLineage></dqInfo><mdContact xmlns=""><rpIndName>Centro de Investigación en Ciencias de Información Geoespacial (CentroGeo)</rpIndName><rpOrgName>CONACYT</rpOrgName><role><RoleCd value="006"/></role><rpCntInfo><cntAddress addressType="physical"><delPoint>Contoy 137, Lomas de Padierna, Tlalpan</delPoint><city>México</city><adminArea>Ciudad de México</adminArea><postCode>14240</postCode><country>MX</country></cntAddress><cntPhone><voiceNum tddtty="">55 2615 2508</voiceNum></cntPhone></rpCntInfo><displayName>Centro de Investigación en Ciencias de Información Geoespacial (CentroGeo)</displayName></mdContact><mdContact xmlns=""><rpIndName>Instituto de Planeación Democrática y Prospectiva (IPDP)</rpIndName><role><RoleCd value="010"/></role><rpCntInfo><cntAddress addressType="physical"><delPoint>San Lorenzo 712, 1er piso Col. Del Valle, Benito Juárez</delPoint><city>México</city><adminArea>Ciudad de México</adminArea><postCode>03100</postCode><country>MX</country></cntAddress><cntPhone><voiceNum tddtty="">5551302100 ext 2339</voiceNum></cntPhone></rpCntInfo><displayName>Instituto de Planeación Democrática y Prospectiva (IPDP)</displayName></mdContact></metadata>
