<metadata xml:lang="es"><Esri><CreaDate>20211027</CreaDate><CreaTime>13580000</CreaTime><ArcGISFormat>1.0</ArcGISFormat><ArcGISstyle>FGDC CSDGM Metadata</ArcGISstyle><SyncOnce>FALSE</SyncOnce><DataProperties><itemProps><itemName Sync="TRUE">Consumo_prom_agua_col</itemName><imsContentType Sync="TRUE" export="False">002</imsContentType><nativeExtBox><westBL Sync="TRUE">461655.742900</westBL><eastBL Sync="TRUE">506274.697100</eastBL><southBL Sync="TRUE">2106165.817800</southBL><northBL Sync="TRUE">2166534.967800</northBL><exTypeCode Sync="TRUE">1</exTypeCode></nativeExtBox><itemSize Sync="TRUE">2.150</itemSize><itemLocation><linkage Sync="TRUE">file://\\DESKTOP-MTM54JJ\C$\Entrega 2 y 3 (temática ADIP)\Consumo promedio bimestral de agua por colonia (m3)\Consumo_prom_agua_col.shp</linkage><protocol Sync="TRUE">Local Area Network</protocol></itemLocation></itemProps><coordRef><type Sync="TRUE">Projected</type><geogcsn Sync="TRUE">GCS_WGS_1984</geogcsn><csUnits Sync="TRUE">Linear Unit: Meter (1.000000)</csUnits><projcsn Sync="TRUE">WGS_1984_UTM_Zone_14N</projcsn><peXml Sync="TRUE">&lt;ProjectedCoordinateSystem xsi:type='typens:ProjectedCoordinateSystem' xmlns:xsi='http://www.w3.org/2001/XMLSchema-instance' xmlns:xs='http://www.w3.org/2001/XMLSchema' xmlns:typens='http://www.esri.com/schemas/ArcGIS/10.5'&gt;&lt;WKT&gt;PROJCS[&amp;quot;WGS_1984_UTM_Zone_14N&amp;quot;,GEOGCS[&amp;quot;GCS_WGS_1984&amp;quot;,DATUM[&amp;quot;D_WGS_1984&amp;quot;,SPHEROID[&amp;quot;WGS_1984&amp;quot;,6378137.0,298.257223563]],PRIMEM[&amp;quot;Greenwich&amp;quot;,0.0],UNIT[&amp;quot;Degree&amp;quot;,0.0174532925199433]],PROJECTION[&amp;quot;Transverse_Mercator&amp;quot;],PARAMETER[&amp;quot;False_Easting&amp;quot;,500000.0],PARAMETER[&amp;quot;False_Northing&amp;quot;,0.0],PARAMETER[&amp;quot;Central_Meridian&amp;quot;,-99.0],PARAMETER[&amp;quot;Scale_Factor&amp;quot;,0.9996],PARAMETER[&amp;quot;Latitude_Of_Origin&amp;quot;,0.0],UNIT[&amp;quot;Meter&amp;quot;,1.0],AUTHORITY[&amp;quot;EPSG&amp;quot;,32614]]&lt;/WKT&gt;&lt;XOrigin&gt;-5120900&lt;/XOrigin&gt;&lt;YOrigin&gt;-9998100&lt;/YOrigin&gt;&lt;XYScale&gt;450445547.3910538&lt;/XYScale&gt;&lt;ZOrigin&gt;-100000&lt;/ZOrigin&gt;&lt;ZScale&gt;10000&lt;/ZScale&gt;&lt;MOrigin&gt;-100000&lt;/MOrigin&gt;&lt;MScale&gt;10000&lt;/MScale&gt;&lt;XYTolerance&gt;0.001&lt;/XYTolerance&gt;&lt;ZTolerance&gt;0.001&lt;/ZTolerance&gt;&lt;MTolerance&gt;0.001&lt;/MTolerance&gt;&lt;HighPrecision&gt;true&lt;/HighPrecision&gt;&lt;WKID&gt;32614&lt;/WKID&gt;&lt;LatestWKID&gt;32614&lt;/LatestWKID&gt;&lt;/ProjectedCoordinateSystem&gt;</peXml></coordRef></DataProperties><SyncDate>20220308</SyncDate><SyncTime>14343000</SyncTime><ModDate>20220308</ModDate><ModTime>14343000</ModTime><scaleRange><minScale>150000000</minScale><maxScale>5000</maxScale></scaleRange><ArcGISProfile>FGDC</ArcGISProfile></Esri><dataIdInfo><envirDesc Sync="TRUE"> Version 6.2 (Build 9200) ; Esri ArcGIS 10.5.0.6491</envirDesc><dataLang><languageCode value="spa" Sync="TRUE"/><countryCode value="MEX" Sync="TRUE"/></dataLang><idCitation xmlns=""><resTitle Sync="FALSE">Consumo habitacional promedio bimestral de agua por colonia (m3)</resTitle><presForm xmlns=""><PresFormCd value="005" Sync="TRUE"/><fgdcGeoform>tabular digital data</fgdcGeoform></presForm><date><createDate>2021-02-10T00:00:00</createDate><pubDate>2021-02-10T00:00:00</pubDate></date><citRespParty xmlns=""><rpIndName>Centro de Investigación en Ciencias de Información Geoespacial (CentroGeo) </rpIndName><rpOrgName>CONACYT</rpOrgName><rpCntInfo xmlns=""><cntAddress addressType="physical"><delPoint>Contoy 137, Lomas de Padierna, Tlalpan</delPoint><city>Ciudad de México</city><adminArea>Ciudad de México</adminArea><postCode>14240</postCode><country>MX</country></cntAddress><cntPhone><voiceNum tddtty="">5526152508</voiceNum></cntPhone></rpCntInfo><displayName>CentroGeo</displayName><role><RoleCd value="006"/></role></citRespParty><citRespParty xmlns=""><editorSource>external</editorSource><editorDigest>73290eb358995c939fadedee66bdebb</editorDigest><rpIndName>Instituto de Planeación Democrática y Prospectiva (IPDP)</rpIndName><rpCntInfo xmlns=""><cntAddress addressType="physical"><delPoint>San Lorenzo 712, 1er piso, Col del Valle Sur, Alcaldía Benito Juárez </delPoint><city>Ciudad de México</city><adminArea>Ciudad de México</adminArea><postCode>03100</postCode><country>MX</country></cntAddress><cntPhone><voiceNum tddtty="">5551302100 ext. 2339</voiceNum></cntPhone></rpCntInfo><editorSave>True</editorSave><displayName>Instituto de Planeación Democrática y Prospectiva (IPDP)</displayName><role><RoleCd value="010"/></role></citRespParty></idCitation><spatRpType><SpatRepTypCd value="001" Sync="TRUE"/></spatRpType><dataExt xmlns=""><geoEle xmlns=""><GeoBndBox esriExtentType="search"><exTypeCode Sync="TRUE">1</exTypeCode><westBL Sync="TRUE">-99.365630</westBL><eastBL Sync="TRUE">-98.940167</eastBL><northBL Sync="TRUE">19.593825</northBL><southBL Sync="TRUE">19.047887</southBL></GeoBndBox></geoEle><exDesc>Consumo de agua, Ciudad de México</exDesc></dataExt><idPurp>Consumo promedio bimestral de agua por colonia (m3) en la Ciudad de México</idPurp><idAbs>&lt;DIV STYLE="text-align:Left;"&gt;&lt;DIV&gt;&lt;DIV&gt;&lt;P&gt;&lt;SPAN&gt;Consumo doméstico promedio de agua (m3 por bimestre). Promedio utilizando el consumo total de la colonia entre el número de viviendas&lt;/SPAN&gt;&lt;/P&gt;&lt;/DIV&gt;&lt;/DIV&gt;&lt;/DIV&gt;</idAbs><idCredit>Insumo para el desarrollo de instrumentos de planeación en la colaboración del Gobierno de la Ciudad de México y Centro Geo, 2020-2021</idCredit><themeKeys xmlns=""><keyword>Gestión sustentable del agua</keyword></themeKeys><dataChar><CharSetCd value="004"/></dataChar><idStatus><ProgCd value="001"/></idStatus><resMaint xmlns=""><maintFreq><MaintFreqCd value="009"/></maintFreq></resMaint><idPoC xmlns=""><rpIndName>Dirección de información estadística y geográfica</rpIndName><rpOrgName>Instituto de Planeación Democrática y Prospectiva (IPDP)</rpOrgName><rpCntInfo xmlns=""><cntAddress addressType="physical"><delPoint>Contoy 137, Lomas de Padierna, Tlalpan</delPoint><city>Ciudad de México</city><adminArea>Ciudad de México</adminArea><postCode>14240</postCode><country>MX</country></cntAddress><cntPhone><voiceNum tddtty="">5526152508</voiceNum></cntPhone></rpCntInfo><displayName>CentroGeo</displayName><role><RoleCd value="007"/></role><displayName>Centro de Investigación en Ciencias de Información Geoespacial (CentroGeo) </displayName></idPoC><tpCat><TopicCatCd value="016"/></tpCat><tpCat><TopicCatCd value="017"/></tpCat></dataIdInfo><mdLang><languageCode value="spa" Sync="TRUE"/><countryCode value="MEX" Sync="TRUE"/></mdLang><mdChar><CharSetCd value="004" Sync="TRUE"/></mdChar><distInfo><distFormat><formatName Sync="TRUE">Shapefile</formatName></distFormat><distTranOps><transSize Sync="TRUE">2.150</transSize></distTranOps></distInfo><mdHrLv><ScopeCd value="005" Sync="TRUE"/></mdHrLv><mdHrLvName Sync="TRUE">dataset</mdHrLvName><refSysInfo><RefSystem><refSysID><identCode code="32614" Sync="TRUE"/><idCodeSpace Sync="TRUE">EPSG</idCodeSpace><idVersion Sync="TRUE">2.1(3.0.1)</idVersion></refSysID></RefSystem></refSysInfo><spatRepInfo><VectSpatRep><geometObjs Name="Consumo_prom_agua_col"><geoObjTyp><GeoObjTypCd value="002" Sync="TRUE"></GeoObjTypCd></geoObjTyp><geoObjCnt Sync="TRUE">1815</geoObjCnt></geometObjs><topLvl><TopoLevCd value="001" Sync="TRUE"></TopoLevCd></topLvl></VectSpatRep></spatRepInfo><spdoinfo><ptvctinf><esriterm Name="Consumo_prom_agua_col"><efeatyp Sync="TRUE">Simple</efeatyp><efeageom code="4" Sync="TRUE"></efeageom><esritopo Sync="TRUE">FALSE</esritopo><efeacnt Sync="TRUE">1815</efeacnt><spindex Sync="TRUE">FALSE</spindex><linrefer Sync="TRUE">FALSE</linrefer></esriterm></ptvctinf></spdoinfo><eainfo><detailed Name="Consumo_prom_agua_col" xmlns=""><enttyp><enttypl Sync="TRUE">Consumo_prom_agua_col</enttypl><enttypt Sync="FALSE">Polígono</enttypt><enttypc Sync="TRUE">1815</enttypc></enttyp><attr xmlns=""><attrlabl Sync="TRUE">FID</attrlabl><attalias Sync="TRUE">FID</attalias><attrtype Sync="TRUE">OID</attrtype><attwidth Sync="TRUE">4</attwidth><atprecis Sync="TRUE">0</atprecis><attscale Sync="TRUE">0</attscale><attrdef Sync="TRUE">Internal feature number.</attrdef><attrdefs Sync="TRUE">Esri</attrdefs><attrdomv><udom Sync="TRUE">Sequential unique whole numbers that are automatically generated.</udom></attrdomv></attr><attr xmlns=""><attrlabl Sync="TRUE">Shape</attrlabl><attalias Sync="TRUE">Shape</attalias><attrtype Sync="TRUE">Geometry</attrtype><attwidth Sync="TRUE">0</attwidth><atprecis Sync="TRUE">0</atprecis><attscale Sync="TRUE">0</attscale><attrdef Sync="TRUE">Feature geometry.</attrdef><attrdefs Sync="TRUE">Esri</attrdefs><attrdomv><udom Sync="TRUE">Coordinates defining the features.</udom></attrdomv></attr><attr xmlns=""><attrlabl Sync="TRUE">cve_ent</attrlabl><attalias Sync="TRUE">cve_ent</attalias><attrtype Sync="TRUE">String</attrtype><attwidth Sync="TRUE">2</attwidth><atprecis Sync="TRUE">0</atprecis><attscale Sync="TRUE">0</attscale></attr><attr xmlns=""><attrlabl Sync="TRUE">alcaldia</attrlabl><attalias Sync="TRUE">alcaldia</attalias><attrtype Sync="TRUE">String</attrtype><attwidth Sync="TRUE">100</attwidth><atprecis Sync="TRUE">0</atprecis><attscale Sync="TRUE">0</attscale></attr><attr xmlns=""><attrlabl Sync="TRUE">cve_col</attrlabl><attalias Sync="TRUE">cve_col</attalias><attrtype Sync="TRUE">String</attrtype><attwidth Sync="TRUE">10</attwidth><atprecis Sync="TRUE">0</atprecis><attscale Sync="TRUE">0</attscale></attr><attr xmlns=""><attrlabl Sync="TRUE">colonia</attrlabl><attalias Sync="TRUE">colonia</attalias><attrtype Sync="TRUE">String</attrtype><attwidth Sync="TRUE">254</attwidth><atprecis Sync="TRUE">0</atprecis><attscale Sync="TRUE">0</attscale></attr><attr xmlns=""><attrlabl Sync="TRUE">OBJECTID</attrlabl><attalias Sync="TRUE">OBJECTID</attalias><attrtype Sync="TRUE">Integer</attrtype><attwidth Sync="TRUE">10</attwidth><atprecis Sync="TRUE">10</atprecis><attscale Sync="TRUE">0</attscale></attr><attr xmlns=""><attrlabl Sync="TRUE">FREQUENCY</attrlabl><attalias Sync="TRUE">FREQUENCY</attalias><attrtype Sync="TRUE">Integer</attrtype><attwidth Sync="TRUE">10</attwidth><atprecis Sync="TRUE">10</atprecis><attscale Sync="TRUE">0</attscale></attr><attr xmlns=""><attrlabl Sync="TRUE">SUM_cons_t</attrlabl><attalias Sync="TRUE">SUM_cons_t</attalias><attrtype Sync="TRUE">Double</attrtype><attwidth Sync="TRUE">19</attwidth><atprecis Sync="TRUE">0</atprecis><attscale Sync="TRUE">0</attscale></attr><attr xmlns=""><attrlabl Sync="TRUE">MEAN_cons_</attrlabl><attalias Sync="TRUE">MEAN_cons_</attalias><attrtype Sync="TRUE">Double</attrtype><attwidth Sync="TRUE">19</attwidth><atprecis Sync="TRUE">0</atprecis><attscale Sync="TRUE">0</attscale></attr><attr xmlns=""><attrlabl Sync="TRUE">VIV2010</attrlabl><attalias Sync="TRUE">VIV2010</attalias><attrtype Sync="TRUE">Integer</attrtype><attwidth Sync="TRUE">10</attwidth><atprecis Sync="TRUE">10</atprecis><attscale Sync="TRUE">0</attscale></attr><attr xmlns=""><attrlabl Sync="TRUE">PROMVIVCON</attrlabl><attalias Sync="TRUE">PROMVIVCON</attalias><attrtype Sync="TRUE">Single</attrtype><attwidth Sync="TRUE">13</attwidth><atprecis Sync="TRUE">0</atprecis><attscale Sync="TRUE">0</attscale></attr><attr xmlns=""><attrlabl Sync="TRUE">C_PROMVIVC</attrlabl><attalias Sync="TRUE">C_PROMVIVC</attalias><attrtype Sync="TRUE">Integer</attrtype><attwidth Sync="TRUE">10</attwidth><atprecis Sync="TRUE">10</atprecis><attscale Sync="TRUE">0</attscale></attr></detailed></eainfo><mdDateSt Sync="TRUE">20220308</mdDateSt><dqInfo xmlns=""><dataLineage><dataSource xmlns="" type=""><srcDesc>SACMEX 2019</srcDesc></dataSource><statement>Información a partir de trabajo de gabinete</statement></dataLineage><dqScope><scpLvl><ScopeCd value="005"/></scpLvl></dqScope></dqInfo><mdMaint xmlns=""><maintFreq><MaintFreqCd value="009"/></maintFreq></mdMaint><mdFileID>898F8555-D90F-4B44-BE4F-0E141FF5F8A9</mdFileID><mdContact xmlns=""><rpIndName>Centro de Investigación en Ciencias de Información Geoespacial (CentroGeo) </rpIndName><rpOrgName>CONACYT</rpOrgName><rpCntInfo><cntAddress addressType="physical"><delPoint>Contoy 137, Lomas de Padierna, Tlalpan</delPoint><city>Ciudad de México</city><adminArea>Ciudad de México</adminArea><postCode>14240</postCode><country>MX</country></cntAddress><cntPhone><voiceNum tddtty="">5526152508</voiceNum></cntPhone></rpCntInfo><displayName>CentroGeo</displayName><role><RoleCd value="006"/></role><displayName>Centro de Investigación en Ciencias de Información Geoespacial (CentroGeo) </displayName></mdContact><mdContact xmlns=""><editorSource>external</editorSource><editorDigest>73290eb358995c939fadedee66bdebb</editorDigest><rpIndName>Instituto de Planeación Democrática y Prospectiva (IPDP)</rpIndName><rpCntInfo xmlns=""><cntAddress addressType="physical"><delPoint>San Lorenzo 712, 1er piso, Col del Valle Sur, Alcaldía Benito Juárez </delPoint><city>Ciudad de México</city><adminArea>Ciudad de México</adminArea><postCode>03100</postCode><country>MX</country></cntAddress><cntPhone><voiceNum tddtty="">5551302100 ext. 2339</voiceNum></cntPhone></rpCntInfo><editorSave>True</editorSave><displayName>Instituto de Planeación Democrática y Prospectiva (IPDP)</displayName><role><RoleCd value="006"/></role></mdContact></metadata>
